"id","citation_id","site_id","treatment_id","name","date","time","cultivar_id","specie_id","mean","statname","stat","n","vname","month","lon","lat","control","greenhouse","mean_unconverted","stat_unconverted"
99000000356,1000000071,2000000002,2000000012,"no treatment",NA,NA,NA,369,3.921934,NA,NA,NA,"wood_water_cap",NA,-79.542955,8.994504,FALSE,NA,3.921934,NA
99000000357,1000000071,2000000002,2000000012,"no treatment",NA,NA,NA,1000004507,3.278363,NA,NA,NA,"wood_water_cap",NA,-79.542955,8.994504,FALSE,NA,3.278363,NA
99000000358,1000000071,2000000002,2000000012,"no treatment",NA,NA,NA,1000006285,7.603322,NA,NA,NA,"wood_water_cap",NA,-79.542955,8.994504,FALSE,NA,7.603322,NA
99000000360,1000000071,2000000002,2000000012,"no treatment",NA,NA,NA,1000013264,6.220685,NA,NA,NA,"wood_water_cap",NA,-79.542955,8.994504,FALSE,NA,6.220685,NA
99000000593,2000000031,2000000003,2000000012,"no treatment",NA,NA,NA,37369,13.491389,NA,NA,NA,"stomatal_slope",NA,-79.975527,9.280225,FALSE,NA,13.491389,NA
99000000594,2000000031,2000000003,2000000012,"no treatment",NA,NA,NA,1000006105,8.548911,NA,NA,NA,"stomatal_slope",NA,-79.975527,9.280225,FALSE,NA,8.548911,NA
99000000596,2000000031,2000000002,2000000012,"no treatment",NA,NA,NA,25925,13.312627,NA,NA,NA,"stomatal_slope",NA,-79.542955,8.994504,FALSE,NA,13.312627,NA
99000000597,2000000031,2000000002,2000000012,"no treatment",NA,NA,NA,1000000923,5.578292,NA,NA,NA,"stomatal_slope",NA,-79.542955,8.994504,FALSE,NA,5.578292,NA
99000000599,2000000031,2000000002,2000000012,"no treatment",NA,NA,NA,37369,11.886195,NA,NA,NA,"stomatal_slope",NA,-79.542955,8.994504,FALSE,NA,11.886195,NA
99000000600,2000000031,2000000002,2000000012,"no treatment",NA,NA,NA,43639,8.209929,NA,NA,NA,"stomatal_slope",NA,-79.542955,8.994504,FALSE,NA,8.209929,NA
99000000601,2000000031,2000000002,2000000012,"no treatment",NA,NA,NA,49548,10.281627,NA,NA,NA,"stomatal_slope",NA,-79.542955,8.994504,FALSE,NA,10.281627,NA
99000000602,2000000031,2000000002,2000000012,"no treatment",NA,NA,NA,1000013264,8.948,NA,NA,NA,"stomatal_slope",NA,-79.542955,8.994504,FALSE,NA,8.948,NA
99000000603,2000000031,2000000002,2000000012,"no treatment",NA,NA,NA,1000013913,7.029873,NA,NA,NA,"stomatal_slope",NA,-79.542955,8.994504,FALSE,NA,7.029873,NA
99000000073,1000000109,1000026713,2000000012,"no treatment",NA,NA,NA,1000002823,1.765197,NA,NA,NA,"leaf_water_cap",NA,-85.594,10.718,FALSE,NA,1.765197,NA
99000000076,1000000109,1000026713,2000000012,"no treatment",NA,NA,NA,49394,2.745862,NA,NA,NA,"leaf_water_cap",NA,-85.594,10.718,FALSE,NA,2.745862,NA
99000000077,1000000109,1000026713,2000000012,"no treatment",NA,NA,NA,1000007823,1.372931,NA,NA,NA,"leaf_water_cap",NA,-85.594,10.718,FALSE,NA,1.372931,NA
99000000078,1000000109,1000026713,2000000012,"no treatment",NA,NA,NA,1000008798,2.647795,NA,NA,NA,"leaf_water_cap",NA,-85.594,10.718,FALSE,NA,2.647795,NA
99000000079,1000000109,1000026713,2000000012,"no treatment",NA,NA,NA,1000014448,1.863263,NA,NA,NA,"leaf_water_cap",NA,-85.594,10.718,FALSE,NA,1.863263,NA
99000000204,1000000071,2000000002,2000000012,"no treatment",NA,NA,NA,369,0.056192,NA,NA,NA,"wood_Kmax",NA,-79.542955,8.994504,FALSE,NA,0.056192,NA
99000000205,1000000071,2000000002,2000000012,"no treatment",NA,NA,NA,1000004507,0.057369,NA,NA,NA,"wood_Kmax",NA,-79.542955,8.994504,FALSE,NA,0.057369,NA
99000000206,1000000071,2000000002,2000000012,"no treatment",NA,NA,NA,1000006285,0.028537,NA,NA,NA,"wood_Kmax",NA,-79.542955,8.994504,FALSE,NA,0.028537,NA
99000000208,1000000071,2000000002,2000000012,"no treatment",NA,NA,NA,1000013264,0.272821,NA,NA,NA,"wood_Kmax",NA,-79.542955,8.994504,FALSE,NA,0.272821,NA
99000000215,1000000076,1000000346,2000000012,"no treatment",NA,NA,NA,1000000177,0.024517,NA,NA,NA,"wood_Kmax",NA,-105.0402,19.5093,FALSE,NA,0.024517,NA
99000000217,1000000076,1000000346,2000000012,"no treatment",NA,NA,NA,369,0.17652,NA,NA,NA,"wood_Kmax",NA,-105.0402,19.5093,FALSE,NA,0.17652,NA
99000000225,1000000078,2000000002,2000000012,"no treatment",NA,NA,NA,1000011607,0.006963,NA,NA,NA,"wood_Kmax",NA,-79.542955,8.994504,FALSE,NA,0.006963,NA
99000000227,1000000135,1000026724,2000000012,"no treatment",NA,NA,NA,11703,0.030106,NA,NA,NA,"wood_Kmax",NA,101.7666667,21.9,FALSE,NA,0.030106,NA
99000000237,1000000067,1000026725,2000000012,"no treatment",NA,NA,NA,1000016040,0.049836,NA,NA,NA,"wood_Kmax",NA,-79.11666667,9.16666667,FALSE,NA,0.049836,NA
99000000238,1000000067,1000026725,2000000012,"no treatment",NA,NA,NA,1000003071,0.074398,NA,NA,NA,"wood_Kmax",NA,-79.11666667,9.16666667,FALSE,NA,0.074398,NA
99000000239,1000000067,1000026725,2000000012,"no treatment",NA,NA,NA,1000003310,0.234619,NA,NA,NA,"wood_Kmax",NA,-79.11666667,9.16666667,FALSE,NA,0.234619,NA
99000000240,1000000067,1000026725,2000000012,"no treatment",NA,NA,NA,1000004507,0.118661,NA,NA,NA,"wood_Kmax",NA,-79.11666667,9.16666667,FALSE,NA,0.118661,NA
99000000241,1000000067,1000026725,2000000012,"no treatment",NA,NA,NA,1000007615,0.017569,NA,NA,NA,"wood_Kmax",NA,-79.11666667,9.16666667,FALSE,NA,0.017569,NA
99000000243,1000000067,1000026725,2000000012,"no treatment",NA,NA,NA,1000010298,0.007558,NA,NA,NA,"wood_Kmax",NA,-79.11666667,9.16666667,FALSE,NA,0.007558,NA
99000000244,1000000067,1000026725,2000000012,"no treatment",NA,NA,NA,1000010324,0.010356,NA,NA,NA,"wood_Kmax",NA,-79.11666667,9.16666667,FALSE,NA,0.010356,NA
99000000245,1000000067,1000026725,2000000012,"no treatment",NA,NA,NA,1000013227,0.031593,NA,NA,NA,"wood_Kmax",NA,-79.11666667,9.16666667,FALSE,NA,0.031593,NA
99000000246,1000000067,1000026725,2000000012,"no treatment",NA,NA,NA,1000013927,0.165768,NA,NA,NA,"wood_Kmax",NA,-79.11666667,9.16666667,FALSE,NA,0.165768,NA
99000000247,1000000067,1000026725,2000000012,"no treatment",NA,NA,NA,1000014447,0.14406,NA,NA,NA,"wood_Kmax",NA,-79.11666667,9.16666667,FALSE,NA,0.14406,NA
99000000248,1000000067,1000026725,2000000012,"no treatment",NA,NA,NA,26648,0.122469,NA,NA,NA,"wood_Kmax",NA,-79.11666667,9.16666667,FALSE,NA,0.122469,NA
99000000249,99000000009,1000000105,2000000012,"no treatment",NA,NA,NA,1000000953,0.19935,NA,NA,NA,"wood_Kmax",NA,-79.848,9.154,FALSE,NA,0.19935,NA
99000000250,99000000009,1000000105,2000000012,"no treatment",NA,NA,NA,1000001352,0.115753,NA,NA,NA,"wood_Kmax",NA,-79.848,9.154,FALSE,NA,0.115753,NA
99000000251,99000000009,1000000105,2000000012,"no treatment",NA,NA,NA,1000003247,0.108404,NA,NA,NA,"wood_Kmax",NA,-79.848,9.154,FALSE,NA,0.108404,NA
99000000252,99000000009,1000000105,2000000012,"no treatment",NA,NA,NA,1000004138,0.128588,NA,NA,NA,"wood_Kmax",NA,-79.848,9.154,FALSE,NA,0.128588,NA
99000000253,99000000009,1000000105,2000000012,"no treatment",NA,NA,NA,1000004511,0.094634,NA,NA,NA,"wood_Kmax",NA,-79.848,9.154,FALSE,NA,0.094634,NA
99000000254,99000000009,1000000105,2000000012,"no treatment",NA,NA,NA,1000007591,0.130134,NA,NA,NA,"wood_Kmax",NA,-79.848,9.154,FALSE,NA,0.130134,NA
99000000256,99000000009,1000000105,2000000012,"no treatment",NA,NA,NA,1000008125,0.318226,NA,NA,NA,"wood_Kmax",NA,-79.848,9.154,FALSE,NA,0.318226,NA
99000000257,99000000009,1000000105,2000000012,"no treatment",NA,NA,NA,1000010294,0.07142,NA,NA,NA,"wood_Kmax",NA,-79.848,9.154,FALSE,NA,0.07142,NA
99000000258,99000000009,1000000105,2000000012,"no treatment",NA,NA,NA,1000010653,0.097094,NA,NA,NA,"wood_Kmax",NA,-79.848,9.154,FALSE,NA,0.097094,NA
99000000259,99000000009,1000000105,2000000012,"no treatment",NA,NA,NA,1000014680,0.165891,NA,NA,NA,"wood_Kmax",NA,-79.848,9.154,FALSE,NA,0.165891,NA
99000000278,1000000071,2000000002,2000000012,"no treatment",NA,NA,NA,369,25.121535,NA,NA,NA,"wood_psi50",NA,-79.542955,8.994504,FALSE,NA,25.121535,NA
99000000279,1000000071,2000000002,2000000012,"no treatment",NA,NA,NA,1000004507,27.999903,NA,NA,NA,"wood_psi50",NA,-79.542955,8.994504,FALSE,NA,27.999903,NA
99000000280,1000000071,2000000002,2000000012,"no treatment",NA,NA,NA,1000006285,72.517378,NA,NA,NA,"wood_psi50",NA,-79.542955,8.994504,FALSE,NA,72.517378,NA
99000000282,1000000071,2000000002,2000000012,"no treatment",NA,NA,NA,1000013264,21.873359,NA,NA,NA,"wood_psi50",NA,-79.542955,8.994504,FALSE,NA,21.873359,NA
99000000283,1000000078,2000000002,2000000012,"no treatment",NA,NA,NA,1000011607,124.86473,NA,NA,NA,"wood_psi50",NA,-79.542955,8.994504,FALSE,NA,124.86473,NA
99000000288,1000000135,1000026724,2000000012,"no treatment",NA,NA,NA,11703,135.608459,NA,NA,NA,"wood_psi50",NA,101.7666667,21.9,FALSE,NA,135.608459,NA
99000000298,1000000067,1000026725,2000000012,"no treatment",NA,NA,NA,1000016040,76.204442,NA,NA,NA,"wood_psi50",NA,-79.11666667,9.16666667,FALSE,NA,76.204442,NA
99000000299,1000000067,1000026725,2000000012,"no treatment",NA,NA,NA,1000003071,138.061913,NA,NA,NA,"wood_psi50",NA,-79.11666667,9.16666667,FALSE,NA,138.061913,NA
99000000300,1000000067,1000026725,2000000012,"no treatment",NA,NA,NA,1000003310,64.415542,NA,NA,NA,"wood_psi50",NA,-79.11666667,9.16666667,FALSE,NA,64.415542,NA
99000000301,1000000067,1000026725,2000000012,"no treatment",NA,NA,NA,1000004507,194.358992,NA,NA,NA,"wood_psi50",NA,-79.11666667,9.16666667,FALSE,NA,194.358992,NA
99000000302,1000000067,1000026725,2000000012,"no treatment",NA,NA,NA,1000007615,158.935061,NA,NA,NA,"wood_psi50",NA,-79.11666667,9.16666667,FALSE,NA,158.935061,NA
99000000304,1000000067,1000026725,2000000012,"no treatment",NA,NA,NA,1000010298,37.746362,NA,NA,NA,"wood_psi50",NA,-79.11666667,9.16666667,FALSE,NA,37.746362,NA
99000000305,1000000067,1000026725,2000000012,"no treatment",NA,NA,NA,1000010324,51.48399,NA,NA,NA,"wood_psi50",NA,-79.11666667,9.16666667,FALSE,NA,51.48399,NA
99000000306,1000000067,1000026725,2000000012,"no treatment",NA,NA,NA,1000013227,87.344416,NA,NA,NA,"wood_psi50",NA,-79.11666667,9.16666667,FALSE,NA,87.344416,NA
99000000307,1000000067,1000026725,2000000012,"no treatment",NA,NA,NA,1000013927,76.797504,NA,NA,NA,"wood_psi50",NA,-79.11666667,9.16666667,FALSE,NA,76.797504,NA
99000000308,1000000067,1000026725,2000000012,"no treatment",NA,NA,NA,1000014447,234.00235,NA,NA,NA,"wood_psi50",NA,-79.11666667,9.16666667,FALSE,NA,234.00235,NA
99000000309,1000000067,1000026725,2000000012,"no treatment",NA,NA,NA,26648,193.77851,NA,NA,NA,"wood_psi50",NA,-79.11666667,9.16666667,FALSE,NA,193.77851,NA
99000000310,99000000009,1000000105,2000000012,"no treatment",NA,NA,NA,1000000953,57.663237,NA,NA,NA,"wood_psi50",NA,-79.848,9.154,FALSE,NA,57.663237,NA
99000000311,99000000009,1000000105,2000000012,"no treatment",NA,NA,NA,1000001352,231.739587,NA,NA,NA,"wood_psi50",NA,-79.848,9.154,FALSE,NA,231.739587,NA
99000000312,99000000009,1000000105,2000000012,"no treatment",NA,NA,NA,1000003247,130.325208,NA,NA,NA,"wood_psi50",NA,-79.848,9.154,FALSE,NA,130.325208,NA
99000000313,99000000009,1000000105,2000000012,"no treatment",NA,NA,NA,1000004138,118.724535,NA,NA,NA,"wood_psi50",NA,-79.848,9.154,FALSE,NA,118.724535,NA
99000000314,99000000009,1000000105,2000000012,"no treatment",NA,NA,NA,1000004511,192.291137,NA,NA,NA,"wood_psi50",NA,-79.848,9.154,FALSE,NA,192.291137,NA
99000000315,99000000009,1000000105,2000000012,"no treatment",NA,NA,NA,1000007591,152.957589,NA,NA,NA,"wood_psi50",NA,-79.848,9.154,FALSE,NA,152.957589,NA
99000000317,99000000009,1000000105,2000000012,"no treatment",NA,NA,NA,1000008125,127.972351,NA,NA,NA,"wood_psi50",NA,-79.848,9.154,FALSE,NA,127.972351,NA
99000000318,99000000009,1000000105,2000000012,"no treatment",NA,NA,NA,1000010294,114.685732,NA,NA,NA,"wood_psi50",NA,-79.848,9.154,FALSE,NA,114.685732,NA
99000000319,99000000009,1000000105,2000000012,"no treatment",NA,NA,NA,1000010653,83.415546,NA,NA,NA,"wood_psi50",NA,-79.848,9.154,FALSE,NA,83.415546,NA
99000000320,99000000009,1000000105,2000000012,"no treatment",NA,NA,NA,1000014680,224.082604,NA,NA,NA,"wood_psi50",NA,-79.848,9.154,FALSE,NA,224.082604,NA
99000000577,99000000015,2000000002,2000000012,"no treatment",NA,NA,NA,1000000923,0.021286,NA,NA,NA,"dark_respiration_factor",NA,-79.542955,8.994504,FALSE,NA,0.021286,NA
99000000578,99000000015,2000000002,2000000012,"no treatment",NA,NA,NA,25925,0.02831,NA,NA,NA,"dark_respiration_factor",NA,-79.542955,8.994504,FALSE,NA,0.02831,NA
99000000580,99000000015,2000000002,2000000012,"no treatment",NA,NA,NA,31933,0.009763,NA,NA,NA,"dark_respiration_factor",NA,-79.542955,8.994504,FALSE,NA,0.009763,NA
99000000581,99000000015,2000000002,2000000012,"no treatment",NA,NA,NA,369,0.013154,NA,NA,NA,"dark_respiration_factor",NA,-79.542955,8.994504,FALSE,NA,0.013154,NA
99000000582,99000000015,2000000002,2000000012,"no treatment",NA,NA,NA,49373,0.015029,NA,NA,NA,"dark_respiration_factor",NA,-79.542955,8.994504,FALSE,NA,0.015029,NA
99000000584,99000000015,2000000002,2000000012,"no treatment",NA,NA,NA,43639,0.030877,NA,NA,NA,"dark_respiration_factor",NA,-79.542955,8.994504,FALSE,NA,0.030877,NA
99000000587,99000000015,2000000002,2000000012,"no treatment",NA,NA,NA,1000013264,0.01449,NA,NA,NA,"dark_respiration_factor",NA,-79.542955,8.994504,FALSE,NA,0.01449,NA
99000000588,99000000015,2000000002,2000000012,"no treatment",NA,NA,NA,1000013911,0.016835,NA,NA,NA,"dark_respiration_factor",NA,-79.542955,8.994504,FALSE,NA,0.016835,NA
99000000589,99000000015,2000000002,2000000012,"no treatment",NA,NA,NA,26648,0.017717,NA,NA,NA,"dark_respiration_factor",NA,-79.542955,8.994504,FALSE,NA,0.017717,NA
99000000564,99000000010,2000000002,2000000012,"no treatment",NA,NA,NA,369,0.021509,NA,NA,NA,"dark_respiration_factor",NA,-79.542955,8.994504,FALSE,NA,0.021509,NA
99000000565,99000000010,2000000002,2000000012,"no treatment",NA,NA,NA,369,0.032558,NA,NA,NA,"dark_respiration_factor",NA,-79.542955,8.994504,FALSE,NA,0.032558,NA
99000000080,1000000109,1000026713,2000000012,"no treatment",NA,NA,NA,1000002823,0.2,NA,NA,NA,"wood_density",NA,-85.594,10.718,FALSE,NA,0.2,NA
99000000083,1000000109,1000026713,2000000012,"no treatment",NA,NA,NA,49394,0.5,NA,NA,NA,"wood_density",NA,-85.594,10.718,FALSE,NA,0.5,NA
99000000084,1000000109,1000026713,2000000012,"no treatment",NA,NA,NA,1000007823,0.39,NA,NA,NA,"wood_density",NA,-85.594,10.718,FALSE,NA,0.39,NA
99000000085,1000000109,1000026713,2000000012,"no treatment",NA,NA,NA,1000008798,0.5,NA,NA,NA,"wood_density",NA,-85.594,10.718,FALSE,NA,0.5,NA
99000000086,1000000109,1000026713,2000000012,"no treatment",NA,NA,NA,1000014448,0.56,NA,NA,NA,"wood_density",NA,-85.594,10.718,FALSE,NA,0.56,NA
99000000088,1000000071,2000000002,2000000012,"no treatment",NA,NA,NA,369,0.54,NA,NA,NA,"wood_density",NA,-79.542955,8.994504,FALSE,NA,0.54,NA
99000000089,1000000071,2000000002,2000000012,"no treatment",NA,NA,NA,1000004507,0.4,NA,NA,NA,"wood_density",NA,-79.542955,8.994504,FALSE,NA,0.4,NA
99000000090,1000000071,2000000002,2000000012,"no treatment",NA,NA,NA,1000006285,0.65,NA,NA,NA,"wood_density",NA,-79.542955,8.994504,FALSE,NA,0.65,NA
99000000092,1000000071,2000000002,2000000012,"no treatment",NA,NA,NA,1000013264,0.33,NA,NA,NA,"wood_density",NA,-79.542955,8.994504,FALSE,NA,0.33,NA
99000000101,1000000076,1000000346,2000000012,"no treatment",NA,NA,NA,1000000177,0.57,NA,NA,NA,"wood_density",NA,-105.0402,19.5093,FALSE,NA,0.57,NA
99000000103,1000000076,1000000346,2000000012,"no treatment",NA,NA,NA,369,0.635,NA,NA,NA,"wood_density",NA,-105.0402,19.5093,FALSE,NA,0.635,NA
99000000111,1000000078,2000000002,2000000012,"no treatment",NA,NA,NA,1000011607,0.58,NA,NA,NA,"wood_density",NA,-79.542955,8.994504,FALSE,NA,0.58,NA
99000000113,1000000135,1000026724,2000000012,"no treatment",NA,NA,NA,11703,0.5,NA,NA,NA,"wood_density",NA,101.7666667,21.9,FALSE,NA,0.5,NA
99000000123,1000000067,1000026725,2000000012,"no treatment",NA,NA,NA,1000016040,0.49454,NA,NA,NA,"wood_density",NA,-79.11666667,9.16666667,FALSE,NA,0.49454,NA
99000000124,1000000067,1000026725,2000000012,"no treatment",NA,NA,NA,1000003071,0.38452,NA,NA,NA,"wood_density",NA,-79.11666667,9.16666667,FALSE,NA,0.38452,NA
99000000125,1000000067,1000026725,2000000012,"no treatment",NA,NA,NA,1000003310,0.4268,NA,NA,NA,"wood_density",NA,-79.11666667,9.16666667,FALSE,NA,0.4268,NA
99000000126,1000000067,1000026725,2000000012,"no treatment",NA,NA,NA,1000004507,0.25572,NA,NA,NA,"wood_density",NA,-79.11666667,9.16666667,FALSE,NA,0.25572,NA
99000000127,1000000067,1000026725,2000000012,"no treatment",NA,NA,NA,1000007615,0.5623,NA,NA,NA,"wood_density",NA,-79.11666667,9.16666667,FALSE,NA,0.5623,NA
99000000129,1000000067,1000026725,2000000012,"no treatment",NA,NA,NA,1000010298,0.83324,NA,NA,NA,"wood_density",NA,-79.11666667,9.16666667,FALSE,NA,0.83324,NA
99000000130,1000000067,1000026725,2000000012,"no treatment",NA,NA,NA,1000010324,0.555357,NA,NA,NA,"wood_density",NA,-79.11666667,9.16666667,FALSE,NA,0.555357,NA
99000000131,1000000067,1000026725,2000000012,"no treatment",NA,NA,NA,1000013227,0.45916,NA,NA,NA,"wood_density",NA,-79.11666667,9.16666667,FALSE,NA,0.45916,NA
99000000132,1000000067,1000026725,2000000012,"no treatment",NA,NA,NA,1000013927,0.33184,NA,NA,NA,"wood_density",NA,-79.11666667,9.16666667,FALSE,NA,0.33184,NA
99000000133,1000000067,1000026725,2000000012,"no treatment",NA,NA,NA,1000014447,0.24256,NA,NA,NA,"wood_density",NA,-79.11666667,9.16666667,FALSE,NA,0.24256,NA
99000000134,1000000067,1000026725,2000000012,"no treatment",NA,NA,NA,26648,0.32576,NA,NA,NA,"wood_density",NA,-79.11666667,9.16666667,FALSE,NA,0.32576,NA
99000000135,99000000009,1000000105,2000000012,"no treatment",NA,NA,NA,1000000953,0.43558,NA,NA,NA,"wood_density",NA,-79.848,9.154,FALSE,NA,0.43558,NA
99000000136,99000000009,1000000105,2000000012,"no treatment",NA,NA,NA,1000001352,0.56488,NA,NA,NA,"wood_density",NA,-79.848,9.154,FALSE,NA,0.56488,NA
99000000137,99000000009,1000000105,2000000012,"no treatment",NA,NA,NA,1000003247,0.5566,NA,NA,NA,"wood_density",NA,-79.848,9.154,FALSE,NA,0.5566,NA
99000000138,99000000009,1000000105,2000000012,"no treatment",NA,NA,NA,1000004138,0.52544,NA,NA,NA,"wood_density",NA,-79.848,9.154,FALSE,NA,0.52544,NA
99000000139,99000000009,1000000105,2000000012,"no treatment",NA,NA,NA,1000004511,0.57506,NA,NA,NA,"wood_density",NA,-79.848,9.154,FALSE,NA,0.57506,NA
99000000140,99000000009,1000000105,2000000012,"no treatment",NA,NA,NA,1000007591,0.37182,NA,NA,NA,"wood_density",NA,-79.848,9.154,FALSE,NA,0.37182,NA
99000000142,99000000009,1000000105,2000000012,"no treatment",NA,NA,NA,1000008125,0.29884,NA,NA,NA,"wood_density",NA,-79.848,9.154,FALSE,NA,0.29884,NA
99000000143,99000000009,1000000105,2000000012,"no treatment",NA,NA,NA,1000010294,0.5038,NA,NA,NA,"wood_density",NA,-79.848,9.154,FALSE,NA,0.5038,NA
99000000144,99000000009,1000000105,2000000012,"no treatment",NA,NA,NA,1000010653,0.50282,NA,NA,NA,"wood_density",NA,-79.848,9.154,FALSE,NA,0.50282,NA
99000000145,99000000009,1000000105,2000000012,"no treatment",NA,NA,NA,1000014680,0.42066,NA,NA,NA,"wood_density",NA,-79.848,9.154,FALSE,NA,0.42066,NA
1000001247,1000000101,1000025739,2000000012,"no treatment",NA,NA,NA,49913,0.49,NA,NA,NA,"wood_density",NA,-47.88333333,-15.93333333,FALSE,NA,0.49,NA
1000001249,1000000101,1000025739,2000000012,"no treatment",NA,NA,NA,1000020868,0.56,NA,NA,NA,"wood_density",NA,-47.88333333,-15.93333333,FALSE,NA,0.56,NA
1000001250,1000000101,1000025739,2000000012,"no treatment",NA,NA,NA,1000020879,0.72,NA,NA,NA,"wood_density",NA,-47.88333333,-15.93333333,FALSE,NA,0.72,NA
1000001251,1000000101,1000025739,2000000012,"no treatment",NA,NA,NA,1000008327,0.74,NA,NA,NA,"wood_density",NA,-47.88333333,-15.93333333,FALSE,NA,0.74,NA
1000001252,1000000101,1000025739,2000000012,"no treatment",NA,NA,NA,1000020880,0.53,NA,NA,NA,"wood_density",NA,-47.88333333,-15.93333333,FALSE,NA,0.53,NA
1000001253,1000000101,1000025739,2000000012,"no treatment",NA,NA,NA,1000020881,0.62,NA,NA,NA,"wood_density",NA,-47.88333333,-15.93333333,FALSE,NA,0.62,NA
1000001254,1000000101,1000025739,2000000012,"no treatment",NA,NA,NA,1000009201,0.52,NA,NA,NA,"wood_density",NA,-47.88333333,-15.93333333,FALSE,NA,0.52,NA
1000001255,1000000101,1000025739,2000000012,"no treatment",NA,NA,NA,1000020874,0.49,NA,NA,NA,"wood_density",NA,-47.88333333,-15.93333333,FALSE,NA,0.49,NA
1000001256,1000000101,1000025739,2000000012,"no treatment",NA,NA,NA,1000020875,0.54,NA,NA,NA,"wood_density",NA,-47.88333333,-15.93333333,FALSE,NA,0.54,NA
1000001257,1000000101,1000025739,2000000012,"no treatment",NA,NA,NA,1000020876,0.38,NA,NA,NA,"wood_density",NA,-47.88333333,-15.93333333,FALSE,NA,0.38,NA
1000001258,1000000101,1000025739,2000000012,"no treatment",NA,NA,NA,1000020877,0.48,NA,NA,NA,"wood_density",NA,-47.88333333,-15.93333333,FALSE,NA,0.48,NA
1000001259,1000000102,2000000003,2000000012,"no treatment",NA,NA,NA,1000000969,0.74,NA,NA,NA,"wood_density",NA,-79.975527,9.280225,FALSE,NA,0.74,NA
1000001260,1000000102,2000000002,2000000012,"no treatment",NA,NA,NA,28944,0.66,NA,NA,NA,"wood_density",NA,-79.542955,8.994504,FALSE,NA,0.66,NA
1000001262,1000000102,2000000003,2000000012,"no treatment",NA,NA,NA,43171,0.67,NA,NA,NA,"wood_density",NA,-79.975527,9.280225,FALSE,NA,0.67,NA
1000001268,1000000109,1000026713,2000000012,"no treatment",NA,NA,NA,1000002246,0.61,NA,NA,NA,"wood_density",NA,-85.594,10.718,FALSE,NA,0.61,NA
1000001269,1000000109,1000026713,2000000012,"no treatment",NA,NA,NA,281,0.64,NA,NA,NA,"wood_density",NA,-85.594,10.718,FALSE,NA,0.64,NA
1000001271,1000000109,1000026713,2000000012,"no treatment",NA,NA,NA,5807,0.55,NA,NA,NA,"wood_density",NA,-85.594,10.718,FALSE,NA,0.55,NA
1000001272,1000000109,1000026713,2000000012,"no treatment",NA,NA,NA,1000003887,0.6,NA,NA,NA,"wood_density",NA,-85.594,10.718,FALSE,NA,0.6,NA
1000001274,1000000109,1000026713,2000000012,"no treatment",NA,NA,NA,5630,0.74,NA,NA,NA,"wood_density",NA,-85.594,10.718,FALSE,NA,0.74,NA
1000001275,1000000109,1000026713,2000000012,"no treatment",NA,NA,NA,27020,0.84,NA,NA,NA,"wood_density",NA,-85.594,10.718,FALSE,NA,0.84,NA
1000001276,1000000109,1000026713,2000000012,"no treatment",NA,NA,NA,39582,0.78,NA,NA,NA,"wood_density",NA,-85.594,10.718,FALSE,NA,0.78,NA
1000001277,1000000109,1000026713,2000000012,"no treatment",NA,NA,NA,17254,0.68,NA,NA,NA,"wood_density",NA,-85.594,10.718,FALSE,NA,0.68,NA
1000001278,1000000109,1000026713,2000000012,"no treatment",NA,NA,NA,25287,0.64,NA,NA,NA,"wood_density",NA,-85.594,10.718,FALSE,NA,0.64,NA
1000001279,1000000109,1000026713,2000000012,"no treatment",NA,NA,NA,1000020873,0.51,NA,NA,NA,"wood_density",NA,-85.594,10.718,FALSE,NA,0.51,NA
1000001282,1000000103,1000026716,2000000012,"no treatment",NA,NA,NA,41267,0.697,NA,NA,NA,"wood_density",NA,-85.127044,10.451983,FALSE,NA,0.697,NA
1000001283,1000000103,1000026716,2000000012,"no treatment",NA,NA,NA,13388,0.464535,NA,NA,NA,"wood_density",NA,-85.127044,10.451983,FALSE,NA,0.464535,NA
1000001285,1000000104,1000026715,2000000012,"no treatment",NA,NA,NA,1000020863,0.659035,NA,NA,NA,"wood_density",NA,-54.1333333333333,-25.5180555555556,FALSE,NA,0.659035,NA
1000001289,1000000104,1000026715,2000000012,"no treatment",NA,NA,NA,1000002727,0.595046,NA,NA,NA,"wood_density",NA,-54.1333333333333,-25.5180555555556,FALSE,NA,0.595046,NA
1000001290,1000000104,1000026715,2000000012,"no treatment",NA,NA,NA,1000020866,0.508059,NA,NA,NA,"wood_density",NA,-54.1333333333333,-25.5180555555556,FALSE,NA,0.508059,NA
1000001291,1000000104,1000026715,2000000012,"no treatment",NA,NA,NA,1000020867,0.858303,NA,NA,NA,"wood_density",NA,-54.1333333333333,-25.5180555555556,FALSE,NA,0.858303,NA
1000001292,1000000104,1000026715,2000000012,"no treatment",NA,NA,NA,1000020869,0.69773,NA,NA,NA,"wood_density",NA,-54.1333333333333,-25.5180555555556,FALSE,NA,0.69773,NA
1000001293,1000000104,1000026715,2000000012,"no treatment",NA,NA,NA,1000020870,0.54056,NA,NA,NA,"wood_density",NA,-54.1333333333333,-25.5180555555556,FALSE,NA,0.54056,NA
1000001294,1000000104,1000026715,2000000012,"no treatment",NA,NA,NA,1000020871,0.757215,NA,NA,NA,"wood_density",NA,-54.1333333333333,-25.5180555555556,FALSE,NA,0.757215,NA
1000001296,1000000071,2000000002,2000000012,"no treatment",NA,NA,NA,49953,0.27,NA,NA,NA,"wood_density",NA,-79.542955,8.994504,FALSE,NA,0.27,NA
1000001297,1000000071,2000000002,2000000012,"no treatment",NA,NA,NA,1000011255,0.37,NA,NA,NA,"wood_density",NA,-79.542955,8.994504,FALSE,NA,0.37,NA
1000001298,1000000071,2000000002,2000000012,"no treatment",NA,NA,NA,49993,0.41,NA,NA,NA,"wood_density",NA,-79.542955,8.994504,FALSE,NA,0.41,NA
1000001301,1000000105,1000025739,2000000012,"no treatment",NA,NA,NA,1000001544,0.55,NA,NA,NA,"wood_density",NA,-47.88333333,-15.93333333,FALSE,NA,0.55,NA
1000001302,1000000105,1000025739,2000000012,"no treatment",NA,NA,NA,1000020864,0.52,NA,NA,NA,"wood_density",NA,-47.88333333,-15.93333333,FALSE,NA,0.52,NA
1000001303,1000000105,1000025739,2000000012,"no treatment",NA,NA,NA,50498,0.66,NA,NA,NA,"wood_density",NA,-47.88333333,-15.93333333,FALSE,NA,0.66,NA
1000001310,1000000079,2000000002,2000000012,"no treatment",NA,NA,NA,51206,0.28,NA,NA,NA,"wood_density",NA,-79.542955,8.994504,FALSE,NA,0.28,NA
1000001315,1000000124,2000000003,2000000012,"no treatment",NA,NA,NA,43171,0.665211,NA,NA,NA,"wood_density",NA,-79.975527,9.280225,FALSE,NA,0.665211,NA
1000001316,1000000124,2000000003,2000000012,"no treatment",NA,NA,NA,43171,0.872933,NA,NA,NA,"wood_density",NA,-79.975527,9.280225,FALSE,NA,0.872933,NA
1000001318,1000000124,2000000002,2000000012,"no treatment",NA,NA,NA,51206,0.279689,NA,NA,NA,"wood_density",NA,-79.542955,8.994504,FALSE,NA,0.279689,NA
1000001325,1000000106,1000025739,2000000012,"no treatment",NA,NA,NA,1000001544,0.559462,NA,NA,NA,"wood_density",NA,-47.88333333,-15.93333333,FALSE,NA,0.559462,NA
1000001326,1000000106,1000025739,2000000012,"no treatment",NA,NA,NA,1000001544,0.56,NA,NA,NA,"wood_density",NA,-47.88333333,-15.93333333,FALSE,NA,0.56,NA
1000001327,1000000106,1000025739,2000000012,"no treatment",NA,NA,NA,1000020864,0.53,NA,NA,NA,"wood_density",NA,-47.88333333,-15.93333333,FALSE,NA,0.53,NA
1000001328,1000000106,1000025739,2000000012,"no treatment",NA,NA,NA,10238,0.589642,NA,NA,NA,"wood_density",NA,-47.88333333,-15.93333333,FALSE,NA,0.589642,NA
1000001329,1000000106,1000025739,2000000012,"no treatment",NA,NA,NA,10238,0.59,NA,NA,NA,"wood_density",NA,-47.88333333,-15.93333333,FALSE,NA,0.59,NA
1000001330,1000000106,1000025739,2000000012,"no treatment",NA,NA,NA,50498,0.5,NA,NA,NA,"wood_density",NA,-47.88333333,-15.93333333,FALSE,NA,0.5,NA
1000001333,1000000106,1000025739,2000000012,"no treatment",NA,NA,NA,1000020872,0.539474,NA,NA,NA,"wood_density",NA,-47.88333333,-15.93333333,FALSE,NA,0.539474,NA
1000001334,1000000106,1000025739,2000000012,"no treatment",NA,NA,NA,1000020872,0.54,NA,NA,NA,"wood_density",NA,-47.88333333,-15.93333333,FALSE,NA,0.54,NA
1000001335,1000000106,1000025739,2000000012,"no treatment",NA,NA,NA,1000013036,0.62,NA,NA,NA,"wood_density",NA,-47.88333333,-15.93333333,FALSE,NA,0.62,NA
1000001336,1000000106,1000025739,2000000012,"no treatment",NA,NA,NA,1000020878,0.42,NA,NA,NA,"wood_density",NA,-47.88333333,-15.93333333,FALSE,NA,0.42,NA
1000001337,1000000107,1000000105,2000000012,"no treatment",NA,NA,NA,51206,0.456,NA,NA,NA,"wood_density",NA,-79.848,9.154,FALSE,NA,0.456,NA
1000001339,1000000070,1000000232,2000000012,"no treatment",NA,NA,NA,35029,0.584,NA,NA,NA,"wood_density",NA,-85.615,10.81472,FALSE,NA,0.584,NA
1000001340,1000000070,1000000232,2000000012,"no treatment",NA,NA,NA,41267,0.696667,NA,NA,NA,"wood_density",NA,-85.615,10.81472,FALSE,NA,0.696667,NA
1000001341,1000000070,1000000232,2000000012,"no treatment",NA,NA,NA,1000003910,0.65,NA,NA,NA,"wood_density",NA,-85.615,10.81472,FALSE,NA,0.65,NA
1000001343,1000000070,1000000232,2000000012,"no treatment",NA,NA,NA,605,0.6175,NA,NA,NA,"wood_density",NA,-85.615,10.81472,FALSE,NA,0.6175,NA
1000001344,1000000070,1000000232,2000000012,"no treatment",NA,NA,NA,27020,0.79235,NA,NA,NA,"wood_density",NA,-85.615,10.81472,FALSE,NA,0.79235,NA
1000001345,1000000070,1000000232,2000000012,"no treatment",NA,NA,NA,1000007816,1.04,NA,NA,NA,"wood_density",NA,-85.615,10.81472,FALSE,NA,1.04,NA
1000001346,1000000070,1000000232,2000000012,"no treatment",NA,NA,NA,1000020938,0.86,NA,NA,NA,"wood_density",NA,-85.615,10.81472,FALSE,NA,0.86,NA
1000001350,1000000113,1000000232,2000000012,"no treatment",NA,NA,NA,41267,0.696667,NA,NA,NA,"wood_density",NA,-85.615,10.81472,FALSE,NA,0.696667,NA
1000001352,1000000113,1000000232,2000000012,"no treatment",NA,NA,NA,27020,0.79235,NA,NA,NA,"wood_density",NA,-85.615,10.81472,FALSE,NA,0.79235,NA
1000001353,1000000113,1000000232,2000000012,"no treatment",NA,NA,NA,1000020938,0.86,NA,NA,NA,"wood_density",NA,-85.615,10.81472,FALSE,NA,0.86,NA
1000001354,1000000113,1000000232,2000000012,"no treatment",NA,NA,NA,13388,0.383333,NA,NA,NA,"wood_density",NA,-85.615,10.81472,FALSE,NA,0.383333,NA
1000001356,1000000114,1000025739,2000000012,"no treatment",NA,NA,NA,1000004882,0.633,NA,NA,NA,"wood_density",NA,-47.88333333,-15.93333333,FALSE,NA,0.633,NA
1000001357,1000000114,1000025739,2000000012,"no treatment",NA,NA,NA,50498,0.455,NA,NA,NA,"wood_density",NA,-47.88333333,-15.93333333,FALSE,NA,0.455,NA
1000001358,1000000069,1000025739,2000000012,"no treatment",NA,NA,NA,1000001544,0.33,NA,NA,NA,"wood_density",NA,-47.88333333,-15.93333333,FALSE,NA,0.33,NA
1000001359,1000000069,1000025739,2000000012,"no treatment",NA,NA,NA,1000001544,0.31,NA,NA,NA,"wood_density",NA,-47.88333333,-15.93333333,FALSE,NA,0.31,NA
1000001360,1000000069,1000025739,2000000012,"no treatment",NA,NA,NA,1000001544,0.53,NA,NA,NA,"wood_density",NA,-47.88333333,-15.93333333,FALSE,NA,0.53,NA
1000001361,1000000069,1000025739,2000000012,"no treatment",NA,NA,NA,1000001544,0.49,NA,NA,NA,"wood_density",NA,-47.88333333,-15.93333333,FALSE,NA,0.49,NA
1000001362,1000000069,1000025739,2000000012,"no treatment",NA,NA,NA,10238,0.35,NA,NA,NA,"wood_density",NA,-47.88333333,-15.93333333,FALSE,NA,0.35,NA
1000001363,1000000069,1000025739,2000000012,"no treatment",NA,NA,NA,10238,0.38,NA,NA,NA,"wood_density",NA,-47.88333333,-15.93333333,FALSE,NA,0.38,NA
1000001364,1000000069,1000025739,2000000012,"no treatment",NA,NA,NA,10238,0.34,NA,NA,NA,"wood_density",NA,-47.88333333,-15.93333333,FALSE,NA,0.34,NA
1000001365,1000000069,1000025739,2000000012,"no treatment",NA,NA,NA,50687,0.41,NA,NA,NA,"wood_density",NA,-47.88333333,-15.93333333,FALSE,NA,0.41,NA
1000001366,1000000069,1000025739,2000000012,"no treatment",NA,NA,NA,50687,0.42,NA,NA,NA,"wood_density",NA,-47.88333333,-15.93333333,FALSE,NA,0.42,NA
1000001367,1000000069,1000025739,2000000012,"no treatment",NA,NA,NA,50687,0.46,NA,NA,NA,"wood_density",NA,-47.88333333,-15.93333333,FALSE,NA,0.46,NA
1000001371,1000000069,1000025739,2000000012,"no treatment",NA,NA,NA,1000020872,0.46,NA,NA,NA,"wood_density",NA,-47.88333333,-15.93333333,FALSE,NA,0.46,NA
1000001372,1000000069,1000025739,2000000012,"no treatment",NA,NA,NA,1000020872,0.56,NA,NA,NA,"wood_density",NA,-47.88333333,-15.93333333,FALSE,NA,0.56,NA
1000001373,1000000069,1000025739,2000000012,"no treatment",NA,NA,NA,1000020872,0.59,NA,NA,NA,"wood_density",NA,-47.88333333,-15.93333333,FALSE,NA,0.59,NA
1000001377,1000000118,1000026724,2000000012,"no treatment",NA,NA,NA,1000020927,0.51,NA,NA,NA,"wood_density",NA,101.7666667,21.9,FALSE,NA,0.51,NA
1000001378,1000000118,1000026724,2000000012,"no treatment",NA,NA,NA,1000020895,0.44,NA,NA,NA,"wood_density",NA,101.7666667,21.9,FALSE,NA,0.44,NA
1000001379,1000000118,1000026724,2000000012,"no treatment",NA,NA,NA,1000020942,0.55,NA,NA,NA,"wood_density",NA,101.7666667,21.9,FALSE,NA,0.55,NA
1000001380,1000000119,1000026727,2000000012,"no treatment",NA,NA,NA,1000020905,0.67,NA,NA,NA,"wood_density",NA,145.75,-19.183,FALSE,NA,0.67,NA
1000001381,1000000119,1000026727,2000000012,"no treatment",NA,NA,NA,1000020911,0.25,NA,NA,NA,"wood_density",NA,145.75,-19.183,FALSE,NA,0.25,NA
1000001382,1000000119,1000026727,2000000012,"no treatment",NA,NA,NA,1000020890,0.3,NA,NA,NA,"wood_density",NA,145.75,-19.183,FALSE,NA,0.3,NA
1000001383,1000000119,1000026727,2000000012,"no treatment",NA,NA,NA,1000020889,0.71,NA,NA,NA,"wood_density",NA,145.75,-19.183,FALSE,NA,0.71,NA
1000001389,1000000073,1000025741,2000000012,"no treatment",NA,NA,NA,746,0.61,NA,NA,NA,"wood_density",NA,-96.3859,19.5653,FALSE,NA,0.61,NA
1000001390,1000000121,1000025742,2000000012,"no treatment",NA,NA,NA,48766,0.61,NA,NA,NA,"wood_density",NA,145.6833333,-5.133333333,FALSE,NA,0.61,NA
1000001394,1000000076,1000000346,2000000012,"no treatment",NA,NA,NA,1000001917,0.7,NA,NA,NA,"wood_density",NA,-105.0402,19.5093,FALSE,NA,0.7,NA
1000001395,1000000076,1000000346,2000000012,"no treatment",NA,NA,NA,46256,0.56,NA,NA,NA,"wood_density",NA,-105.0402,19.5093,FALSE,NA,0.56,NA
1000001396,1000000076,1000000346,2000000012,"no treatment",NA,NA,NA,1000020919,0.31,NA,NA,NA,"wood_density",NA,-105.0402,19.5093,FALSE,NA,0.31,NA
1000001399,1000000076,1000000346,2000000012,"no treatment",NA,NA,NA,1000020930,0.47,NA,NA,NA,"wood_density",NA,-105.0402,19.5093,FALSE,NA,0.47,NA
1000001401,1000000076,1000000346,2000000012,"no treatment",NA,NA,NA,1000011797,0.725,NA,NA,NA,"wood_density",NA,-105.0402,19.5093,FALSE,NA,0.725,NA
1000001402,1000000076,1000000346,2000000012,"no treatment",NA,NA,NA,1000020940,0.625,NA,NA,NA,"wood_density",NA,-105.0402,19.5093,FALSE,NA,0.625,NA
1000001405,1000000123,1000026739,2000000012,"no treatment",NA,NA,NA,1000020925,0.554086,NA,NA,NA,"wood_density",NA,145.15,-16.31,FALSE,NA,0.554086,NA
1000001407,1000000123,1000026732,2000000012,"no treatment",NA,NA,NA,1000020946,0.627626,NA,NA,NA,"wood_density",NA,166.534,-22.166,FALSE,NA,0.627626,NA
1000001408,1000000123,1000026733,2000000012,"no treatment",NA,NA,NA,1000020972,0.574514,NA,NA,NA,"wood_density",NA,165.46,-21.34,FALSE,NA,0.574514,NA
1000001412,1000000060,1000005005,2000000012,"no treatment",NA,NA,NA,46649,0.53,NA,NA,NA,"wood_density",NA,-79.8461,9.1543,FALSE,NA,0.53,NA
1000001416,1000000124,2000000002,2000000012,"no treatment",NA,NA,NA,28944,0.655,NA,NA,NA,"wood_density",NA,-79.542955,8.994504,FALSE,NA,0.655,NA
1000001417,1000000124,2000000002,2000000012,"no treatment",NA,NA,NA,43171,0.872933,NA,NA,NA,"wood_density",NA,-79.542955,8.994504,FALSE,NA,0.872933,NA
1000001424,1000000125,1000000346,2000000012,"no treatment",NA,NA,NA,1000020909,0.56,NA,NA,NA,"wood_density",NA,-105.0402,19.5093,FALSE,NA,0.56,NA
1000001427,1000000125,1000000346,2000000012,"no treatment",NA,NA,NA,1000001917,0.85,NA,NA,NA,"wood_density",NA,-105.0402,19.5093,FALSE,NA,0.85,NA
1000001428,1000000125,1000000346,2000000012,"no treatment",NA,NA,NA,1000020914,0.71,NA,NA,NA,"wood_density",NA,-105.0402,19.5093,FALSE,NA,0.71,NA
1000001430,1000000125,1000000346,2000000012,"no treatment",NA,NA,NA,1000020920,0.54,NA,NA,NA,"wood_density",NA,-105.0402,19.5093,FALSE,NA,0.54,NA
1000001431,1000000125,1000000346,2000000012,"no treatment",NA,NA,NA,1000020926,1.06,NA,NA,NA,"wood_density",NA,-105.0402,19.5093,FALSE,NA,1.06,NA
1000001432,1000000125,1000000346,2000000012,"no treatment",NA,NA,NA,605,0.64,NA,NA,NA,"wood_density",NA,-105.0402,19.5093,FALSE,NA,0.64,NA
1000001433,1000000125,1000000346,2000000012,"no treatment",NA,NA,NA,1000020930,0.55,NA,NA,NA,"wood_density",NA,-105.0402,19.5093,FALSE,NA,0.55,NA
1000001434,1000000125,1000000346,2000000012,"no treatment",NA,NA,NA,1000020898,0.73,NA,NA,NA,"wood_density",NA,-105.0402,19.5093,FALSE,NA,0.73,NA
1000001435,1000000126,1000005010,2000000012,"no treatment",NA,NA,NA,1000000969,0.7,NA,NA,NA,"wood_density",NA,-79.9747,9.281,FALSE,NA,0.7,NA
1000001436,1000000126,2000000002,2000000012,"no treatment",NA,NA,NA,28944,0.61,NA,NA,NA,"wood_density",NA,-79.542955,8.994504,FALSE,NA,0.61,NA
1000001438,1000000126,1000005010,2000000012,"no treatment",NA,NA,NA,1000020956,0.53,NA,NA,NA,"wood_density",NA,-79.9747,9.281,FALSE,NA,0.53,NA
1000001441,1000000126,1000005010,2000000012,"no treatment",NA,NA,NA,1000006376,0.58,NA,NA,NA,"wood_density",NA,-79.9747,9.281,FALSE,NA,0.58,NA
1000001443,1000000126,1000005010,2000000012,"no treatment",NA,NA,NA,43171,0.61,NA,NA,NA,"wood_density",NA,-79.9747,9.281,FALSE,NA,0.61,NA
1000001444,1000000126,1000005010,2000000012,"no treatment",NA,NA,NA,1000007859,0.48,NA,NA,NA,"wood_density",NA,-79.9747,9.281,FALSE,NA,0.48,NA
1000001445,1000000126,1000005010,2000000012,"no treatment",NA,NA,NA,1000008488,0.5,NA,NA,NA,"wood_density",NA,-79.9747,9.281,FALSE,NA,0.5,NA
1000001446,1000000126,1000005010,2000000012,"no treatment",NA,NA,NA,1000020884,0.55,NA,NA,NA,"wood_density",NA,-79.9747,9.281,FALSE,NA,0.55,NA
1000001455,1000000127,1000025739,2000000012,"no treatment",NA,NA,NA,49981,0.6,NA,NA,NA,"wood_density",NA,-47.88333333,-15.93333333,FALSE,NA,0.6,NA
1000001456,1000000127,1000025739,2000000012,"no treatment",NA,NA,NA,49981,0.545,NA,NA,NA,"wood_density",NA,-47.88333333,-15.93333333,FALSE,NA,0.545,NA
1000001457,1000000127,1000025739,2000000012,"no treatment",NA,NA,NA,49981,0.497,NA,NA,NA,"wood_density",NA,-47.88333333,-15.93333333,FALSE,NA,0.497,NA
1000001458,1000000127,1000025739,2000000012,"no treatment",NA,NA,NA,1000020901,0.6,NA,NA,NA,"wood_density",NA,-47.88333333,-15.93333333,FALSE,NA,0.6,NA
1000001459,1000000127,1000025739,2000000012,"no treatment",NA,NA,NA,1000020901,0.54,NA,NA,NA,"wood_density",NA,-47.88333333,-15.93333333,FALSE,NA,0.54,NA
1000001460,1000000127,1000025739,2000000012,"no treatment",NA,NA,NA,1000020901,0.497,NA,NA,NA,"wood_density",NA,-47.88333333,-15.93333333,FALSE,NA,0.497,NA
1000001461,1000000127,1000025739,2000000012,"no treatment",NA,NA,NA,1000020929,0.46,NA,NA,NA,"wood_density",NA,-47.88333333,-15.93333333,FALSE,NA,0.46,NA
1000001466,1000000127,1000025739,2000000012,"no treatment",NA,NA,NA,1000020937,0.44,NA,NA,NA,"wood_density",NA,-47.88333333,-15.93333333,FALSE,NA,0.44,NA
1000001467,1000000127,1000025739,2000000012,"no treatment",NA,NA,NA,50863,0.606,NA,NA,NA,"wood_density",NA,-47.88333333,-15.93333333,FALSE,NA,0.606,NA
1000001468,1000000127,1000025739,2000000012,"no treatment",NA,NA,NA,50863,0.52,NA,NA,NA,"wood_density",NA,-47.88333333,-15.93333333,FALSE,NA,0.52,NA
1000001469,1000000127,1000025739,2000000012,"no treatment",NA,NA,NA,50863,0.57,NA,NA,NA,"wood_density",NA,-47.88333333,-15.93333333,FALSE,NA,0.57,NA
1000001470,1000000128,1000026738,2000000012,"no treatment",NA,NA,NA,1000003910,0.39,NA,NA,NA,"wood_density",NA,-66.91666667,9.916666667,FALSE,NA,0.39,NA
1000001471,1000000130,1000025744,2000000012,"no treatment",NA,NA,NA,13503,0.88,NA,NA,NA,"wood_density",NA,-67.05,10.25,FALSE,NA,0.88,NA
1000001472,1000000130,1000025744,2000000012,"no treatment",NA,NA,NA,25660,0.6835,NA,NA,NA,"wood_density",NA,-67.05,10.25,FALSE,NA,0.6835,NA
1000001473,1000000081,1000026717,2000000012,"no treatment",NA,NA,NA,1196,0.897714,NA,NA,NA,"wood_density",NA,-80.2724,25.6773,FALSE,NA,0.897714,NA
1000001474,1000000081,1000005005,2000000012,"no treatment",NA,NA,NA,10766,0.82,NA,NA,NA,"wood_density",NA,-79.8461,9.1543,FALSE,NA,0.82,NA
1000001475,1000000063,1000026717,2000000012,"no treatment",NA,NA,NA,45817,0.95,NA,NA,NA,"wood_density",NA,-80.2724,25.6773,FALSE,NA,0.95,NA
1000001477,1000000063,1000026721,2000000012,"no treatment",NA,NA,NA,1000020932,0.65,NA,NA,NA,"wood_density",NA,145.750725,-16.89933611,FALSE,NA,0.65,NA
1000001478,1000000131,1000005005,2000000012,"no treatment",NA,NA,NA,1000002292,0.82,NA,NA,NA,"wood_density",NA,-79.8461,9.1543,FALSE,NA,0.82,NA
1000001479,1000000132,1000005005,2000000012,"no treatment",NA,NA,NA,51206,0.455937,NA,NA,NA,"wood_density",NA,-79.8461,9.1543,FALSE,NA,0.455937,NA
1000001481,1000000133,1000026728,2000000012,"no treatment",NA,NA,NA,1000020908,0.63,NA,NA,NA,"wood_density",NA,114.52,4.66,FALSE,NA,0.63,NA
1000001483,1000000133,1000026729,2000000012,"no treatment",NA,NA,NA,1000020951,0.815,NA,NA,NA,"wood_density",NA,114.4213,4.5594,FALSE,NA,0.815,NA
1000001484,1000000133,1000026728,2000000012,"no treatment",NA,NA,NA,1000020952,0.54,NA,NA,NA,"wood_density",NA,114.52,4.66,FALSE,NA,0.54,NA
1000001485,1000000133,1000026729,2000000012,"no treatment",NA,NA,NA,1000020924,0.595,NA,NA,NA,"wood_density",NA,114.4213,4.5594,FALSE,NA,0.595,NA
1000001486,1000000133,1000026728,2000000012,"no treatment",NA,NA,NA,1000020953,0.65,NA,NA,NA,"wood_density",NA,114.52,4.66,FALSE,NA,0.65,NA
1000001487,1000000133,1000026728,2000000012,"no treatment",NA,NA,NA,1000020954,0.7,NA,NA,NA,"wood_density",NA,114.52,4.66,FALSE,NA,0.7,NA
1000001488,1000000133,1000026728,2000000012,"no treatment",NA,NA,NA,40969,0.68,NA,NA,NA,"wood_density",NA,114.52,4.66,FALSE,NA,0.68,NA
1000001489,1000000133,1000026728,2000000012,"no treatment",NA,NA,NA,1000020955,0.65,NA,NA,NA,"wood_density",NA,114.52,4.66,FALSE,NA,0.65,NA
1000001490,1000000133,1000026729,2000000012,"no treatment",NA,NA,NA,1000020894,0.87,NA,NA,NA,"wood_density",NA,114.4213,4.5594,FALSE,NA,0.87,NA
1000001491,1000000133,1000026728,2000000012,"no treatment",NA,NA,NA,1000020958,0.53,NA,NA,NA,"wood_density",NA,114.52,4.66,FALSE,NA,0.53,NA
1000001492,1000000133,1000026729,2000000012,"no treatment",NA,NA,NA,1000020959,0.93,NA,NA,NA,"wood_density",NA,114.4213,4.5594,FALSE,NA,0.93,NA
1000001493,1000000133,1000026728,2000000012,"no treatment",NA,NA,NA,1000020960,0.54,NA,NA,NA,"wood_density",NA,114.52,4.66,FALSE,NA,0.54,NA
1000001494,1000000133,1000026729,2000000012,"no treatment",NA,NA,NA,21315,0.7102,NA,NA,NA,"wood_density",NA,114.4213,4.5594,FALSE,NA,0.7102,NA
1000001495,1000000133,1000026728,2000000012,"no treatment",NA,NA,NA,1000020962,0.633333,NA,NA,NA,"wood_density",NA,114.52,4.66,FALSE,NA,0.633333,NA
1000001500,1000000133,1000026729,2000000012,"no treatment",NA,NA,NA,1000020968,0.61,NA,NA,NA,"wood_density",NA,114.4213,4.5594,FALSE,NA,0.61,NA
1000001501,1000000133,1000026729,2000000012,"no treatment",NA,NA,NA,1000020900,0.77,NA,NA,NA,"wood_density",NA,114.4213,4.5594,FALSE,NA,0.77,NA
1000001502,1000000134,1000025739,2000000012,"no treatment",NA,NA,NA,1000013036,0.65,NA,NA,NA,"wood_density",NA,-47.88333333,-15.93333333,FALSE,NA,0.65,NA
1000001503,1000000134,1000025739,2000000012,"no treatment",NA,NA,NA,1000013036,0.67,NA,NA,NA,"wood_density",NA,-47.88333333,-15.93333333,FALSE,NA,0.67,NA
1000001504,1000000134,1000025739,2000000012,"no treatment",NA,NA,NA,1000013036,0.59,NA,NA,NA,"wood_density",NA,-47.88333333,-15.93333333,FALSE,NA,0.59,NA
1000001506,1000000135,1000026724,2000000012,"no treatment",NA,NA,NA,19251,0.51,NA,NA,NA,"wood_density",NA,101.7666667,21.9,FALSE,NA,0.51,NA
1000001507,1000000135,1000026724,2000000012,"no treatment",NA,NA,NA,1000020943,0.52,NA,NA,NA,"wood_density",NA,101.7666667,21.9,FALSE,NA,0.52,NA
1000001508,1000000084,1000026724,2000000012,"no treatment",NA,NA,NA,1000020906,0.6,NA,NA,NA,"wood_density",NA,101.7666667,21.9,FALSE,NA,0.6,NA
1000001509,1000000084,1000026724,2000000012,"no treatment",NA,NA,NA,19215,0.42,NA,NA,NA,"wood_density",NA,101.7666667,21.9,FALSE,NA,0.42,NA
1000001510,1000000084,1000026724,2000000012,"no treatment",NA,NA,NA,19251,0.44,NA,NA,NA,"wood_density",NA,101.7666667,21.9,FALSE,NA,0.44,NA
1000001511,1000000084,1000026724,2000000012,"no treatment",NA,NA,NA,22718,0.44,NA,NA,NA,"wood_density",NA,101.7666667,21.9,FALSE,NA,0.44,NA
1000001512,1000000084,1000026724,2000000012,"no treatment",NA,NA,NA,1000020950,0.47,NA,NA,NA,"wood_density",NA,101.7666667,21.9,FALSE,NA,0.47,NA
1000001513,1000000084,1000026724,2000000012,"no treatment",NA,NA,NA,1000020915,0.62,NA,NA,NA,"wood_density",NA,101.7666667,21.9,FALSE,NA,0.62,NA
1000001514,1000000084,1000026724,2000000012,"no treatment",NA,NA,NA,1000020917,0.61,NA,NA,NA,"wood_density",NA,101.7666667,21.9,FALSE,NA,0.61,NA
1000001515,1000000084,1000026724,2000000012,"no treatment",NA,NA,NA,1000020918,0.71,NA,NA,NA,"wood_density",NA,101.7666667,21.9,FALSE,NA,0.71,NA
1000001516,1000000084,1000026724,2000000012,"no treatment",NA,NA,NA,1000020923,0.63,NA,NA,NA,"wood_density",NA,101.7666667,21.9,FALSE,NA,0.63,NA
1000001517,1000000084,1000026724,2000000012,"no treatment",NA,NA,NA,1000007008,0.61,NA,NA,NA,"wood_density",NA,101.7666667,21.9,FALSE,NA,0.61,NA
1000001518,1000000084,1000026724,2000000012,"no treatment",NA,NA,NA,1000020933,0.69,NA,NA,NA,"wood_density",NA,101.7666667,21.9,FALSE,NA,0.69,NA
1000001519,1000000084,1000026724,2000000012,"no treatment",NA,NA,NA,1000020897,0.53,NA,NA,NA,"wood_density",NA,101.7666667,21.9,FALSE,NA,0.53,NA
1000001520,1000000084,1000026724,2000000012,"no treatment",NA,NA,NA,1000020935,0.63,NA,NA,NA,"wood_density",NA,101.7666667,21.9,FALSE,NA,0.63,NA
1000001521,1000000084,1000026724,2000000012,"no treatment",NA,NA,NA,1000020964,0.72,NA,NA,NA,"wood_density",NA,101.7666667,21.9,FALSE,NA,0.72,NA
1000001522,1000000084,1000026724,2000000012,"no treatment",NA,NA,NA,36558,0.61,NA,NA,NA,"wood_density",NA,101.7666667,21.9,FALSE,NA,0.61,NA
1000001523,1000000084,1000026724,2000000012,"no treatment",NA,NA,NA,1000020899,0.64,NA,NA,NA,"wood_density",NA,101.7666667,21.9,FALSE,NA,0.64,NA
1000001524,1000000084,1000026724,2000000012,"no treatment",NA,NA,NA,1000020943,0.53,NA,NA,NA,"wood_density",NA,101.7666667,21.9,FALSE,NA,0.53,NA
1000001525,1000000084,1000026724,2000000012,"no treatment",NA,NA,NA,1000020945,0.58,NA,NA,NA,"wood_density",NA,101.7666667,21.9,FALSE,NA,0.58,NA
1000001529,1000000067,1000026725,2000000012,"no treatment",NA,NA,NA,49937,0.57106,NA,NA,NA,"wood_density",NA,-79.11666667,9.16666667,FALSE,NA,0.57106,NA
1000001531,1000000067,1000026725,2000000012,"no treatment",NA,NA,NA,1000004822,0.30128,NA,NA,NA,"wood_density",NA,-79.11666667,9.16666667,FALSE,NA,0.30128,NA
1000001532,1000000067,1000026725,2000000012,"no treatment",NA,NA,NA,1000005068,0.47282,NA,NA,NA,"wood_density",NA,-79.11666667,9.16666667,FALSE,NA,0.47282,NA
1000001533,1000000067,1000026725,2000000012,"no treatment",NA,NA,NA,31837,0.513283,NA,NA,NA,"wood_density",NA,-79.11666667,9.16666667,FALSE,NA,0.513283,NA
1000001534,1000000067,1000026725,2000000012,"no treatment",NA,NA,NA,1000005920,0.39436,NA,NA,NA,"wood_density",NA,-79.11666667,9.16666667,FALSE,NA,0.39436,NA
1000001535,1000000067,1000026725,2000000012,"no treatment",NA,NA,NA,704,0.45516,NA,NA,NA,"wood_density",NA,-79.11666667,9.16666667,FALSE,NA,0.45516,NA
1000001537,1000000067,1000026725,2000000012,"no treatment",NA,NA,NA,50624,0.58236,NA,NA,NA,"wood_density",NA,-79.11666667,9.16666667,FALSE,NA,0.58236,NA
1000001538,1000000067,1000026725,2000000012,"no treatment",NA,NA,NA,1000013190,0.430117,NA,NA,NA,"wood_density",NA,-79.11666667,9.16666667,FALSE,NA,0.430117,NA
1000001539,1000000067,1000026725,2000000012,"no treatment",NA,NA,NA,1000014401,0.56028,NA,NA,NA,"wood_density",NA,-79.11666667,9.16666667,FALSE,NA,0.56028,NA
1000001540,1000000067,1000026725,2000000012,"no treatment",NA,NA,NA,1000015206,0.384717,NA,NA,NA,"wood_density",NA,-79.11666667,9.16666667,FALSE,NA,0.384717,NA
1000001541,1000000067,1000026725,2000000012,"no treatment",NA,NA,NA,1000015453,0.41306,NA,NA,NA,"wood_density",NA,-79.11666667,9.16666667,FALSE,NA,0.41306,NA
1000001543,1000000067,1000026725,2000000012,"no treatment",NA,NA,NA,51093,0.55888,NA,NA,NA,"wood_density",NA,-79.11666667,9.16666667,FALSE,NA,0.55888,NA
1000001544,1000000142,1000004984,2000000012,"no treatment",NA,NA,NA,1000020993,0.883333,NA,NA,NA,"wood_density",NA,99.798,7.54347,FALSE,NA,0.883333,NA
1000001545,1000000142,1000004982,2000000012,"no treatment",NA,NA,NA,1000020981,0.59,NA,NA,NA,"wood_density",NA,102.313,2.982,FALSE,NA,0.59,NA
1000001546,1000000142,1000004984,2000000012,"no treatment",NA,NA,NA,1000020982,0.61,NA,NA,NA,"wood_density",NA,99.798,7.54347,FALSE,NA,0.61,NA
1000001548,1000000142,1000004982,2000000012,"no treatment",NA,NA,NA,1000020978,0.67,NA,NA,NA,"wood_density",NA,102.313,2.982,FALSE,NA,0.67,NA
1000001549,1000000142,1000004984,2000000012,"no treatment",NA,NA,NA,1000020979,0.712333,NA,NA,NA,"wood_density",NA,99.798,7.54347,FALSE,NA,0.712333,NA
1000001550,1000000142,1000004982,2000000012,"no treatment",NA,NA,NA,1000020975,0.705,NA,NA,NA,"wood_density",NA,102.313,2.982,FALSE,NA,0.705,NA
1000001553,1000000142,1000004984,2000000012,"no treatment",NA,NA,NA,1000021001,0.79,NA,NA,NA,"wood_density",NA,99.798,7.54347,FALSE,NA,0.79,NA
1000001554,1000000142,1000004982,2000000012,"no treatment",NA,NA,NA,1000020980,0.613333,NA,NA,NA,"wood_density",NA,102.313,2.982,FALSE,NA,0.613333,NA
1000001556,1000000113,1000000232,2000000012,"no treatment",NA,NA,NA,13388,0.414189,NA,NA,NA,"wood_density",NA,-85.615,10.81472,FALSE,NA,0.414189,NA
1000001557,1000000113,1000000232,2000000012,"no treatment",NA,NA,NA,27020,0.792334,NA,NA,NA,"wood_density",NA,-85.615,10.81472,FALSE,NA,0.792334,NA
1000001558,1000000143,1000000232,2000000012,"no treatment",NA,NA,NA,605,0.6175,NA,NA,NA,"wood_density",NA,-85.615,10.81472,FALSE,NA,0.6175,NA
1000001561,1000000144,1000000346,2000000012,"no treatment",NA,NA,NA,49878,0.84,NA,NA,NA,"wood_density",NA,-105.0402,19.5093,FALSE,NA,0.84,NA
1000001562,1000000144,1000000346,2000000012,"no treatment",NA,NA,NA,1000012191,0.668,NA,NA,NA,"wood_density",NA,-105.0402,19.5093,FALSE,NA,0.668,NA
1000001563,1000000144,1000000346,2000000012,"no treatment",NA,NA,NA,1000021000,0.67,NA,NA,NA,"wood_density",NA,-105.0402,19.5093,FALSE,NA,0.67,NA
1000001564,1000000144,1000000346,2000000012,"no treatment",NA,NA,NA,1000014855,0.8,NA,NA,NA,"wood_density",NA,-105.0402,19.5093,FALSE,NA,0.8,NA
1000001565,1000000145,1000026724,2000000012,"no treatment",NA,NA,NA,19251,0.653,NA,NA,NA,"wood_density",NA,101.7666667,21.9,FALSE,NA,0.653,NA
1000001566,1000000145,1000026724,2000000012,"no treatment",NA,NA,NA,1000020915,0.703,NA,NA,NA,"wood_density",NA,101.7666667,21.9,FALSE,NA,0.703,NA
1000001567,1000000145,1000026724,2000000012,"no treatment",NA,NA,NA,1000020918,0.64,NA,NA,NA,"wood_density",NA,101.7666667,21.9,FALSE,NA,0.64,NA
1000001568,1000000101,1000025739,2000000012,"no treatment",NA,NA,NA,1000020868,0.825,NA,NA,NA,"wood_density",NA,-47.88333333,-15.93333333,FALSE,NA,0.825,NA
1000001572,1000000147,1000026745,2000000012,"no treatment",NA,NA,NA,1000020992,0.702,NA,NA,NA,"wood_density",NA,-5.033333333,6.216666667,FALSE,NA,0.702,NA
1000001575,1000000148,1000026746,2000000012,"no treatment",NA,NA,NA,1,0.585143,NA,NA,NA,"wood_density",NA,-52.66666667,4.08333333,FALSE,NA,0.585143,NA
1000001577,1000000148,1000026746,2000000012,"no treatment",NA,NA,NA,1000000971,0.792,NA,NA,NA,"wood_density",NA,-52.66666667,4.08333333,FALSE,NA,0.792,NA
1000001578,1000000148,1000026746,2000000012,"no treatment",NA,NA,NA,201,1.053667,NA,NA,NA,"wood_density",NA,-52.66666667,4.08333333,FALSE,NA,1.053667,NA
1000001579,1000000148,1000026746,2000000012,"no treatment",NA,NA,NA,1000001679,0.825143,NA,NA,NA,"wood_density",NA,-52.66666667,4.08333333,FALSE,NA,0.825143,NA
1000001581,1000000148,1000026746,2000000012,"no treatment",NA,NA,NA,1000002221,0.653571,NA,NA,NA,"wood_density",NA,-52.66666667,4.08333333,FALSE,NA,0.653571,NA
1000001582,1000000148,1000026746,2000000012,"no treatment",NA,NA,NA,10766,0.82,NA,NA,NA,"wood_density",NA,-52.66666667,4.08333333,FALSE,NA,0.82,NA
1000001583,1000000148,1000026746,2000000012,"no treatment",NA,NA,NA,1000002737,0.6714,NA,NA,NA,"wood_density",NA,-52.66666667,4.08333333,FALSE,NA,0.6714,NA
1000001584,1000000148,1000026746,2000000012,"no treatment",NA,NA,NA,1000003330,0.54325,NA,NA,NA,"wood_density",NA,-52.66666667,4.08333333,FALSE,NA,0.54325,NA
1000001586,1000000148,1000026746,2000000012,"no treatment",NA,NA,NA,1000003546,0.77,NA,NA,NA,"wood_density",NA,-52.66666667,4.08333333,FALSE,NA,0.77,NA
1000001587,1000000148,1000026746,2000000012,"no treatment",NA,NA,NA,1000003549,0.77,NA,NA,NA,"wood_density",NA,-52.66666667,4.08333333,FALSE,NA,0.77,NA
1000001589,1000000148,1000026746,2000000012,"no treatment",NA,NA,NA,1000003899,0.628,NA,NA,NA,"wood_density",NA,-52.66666667,4.08333333,FALSE,NA,0.628,NA
1000001590,1000000148,1000026746,2000000012,"no treatment",NA,NA,NA,444,0.5912,NA,NA,NA,"wood_density",NA,-52.66666667,4.08333333,FALSE,NA,0.5912,NA
1000001591,1000000148,1000026746,2000000012,"no treatment",NA,NA,NA,1000004345,0.73,NA,NA,NA,"wood_density",NA,-52.66666667,4.08333333,FALSE,NA,0.73,NA
1000001592,1000000148,1000026746,2000000012,"no treatment",NA,NA,NA,1000004540,0.736667,NA,NA,NA,"wood_density",NA,-52.66666667,4.08333333,FALSE,NA,0.736667,NA
1000001593,1000000148,1000026746,2000000012,"no treatment",NA,NA,NA,1000004770,0.704,NA,NA,NA,"wood_density",NA,-52.66666667,4.08333333,FALSE,NA,0.704,NA
1000001594,1000000148,1000026746,2000000012,"no treatment",NA,NA,NA,1000004917,0.852083,NA,NA,NA,"wood_density",NA,-52.66666667,4.08333333,FALSE,NA,0.852083,NA
1000001595,1000000148,1000026746,2000000012,"no treatment",NA,NA,NA,1000004923,0.876,NA,NA,NA,"wood_density",NA,-52.66666667,4.08333333,FALSE,NA,0.876,NA
1000001596,1000000148,1000026746,2000000012,"no treatment",NA,NA,NA,1000005867,0.87,NA,NA,NA,"wood_density",NA,-52.66666667,4.08333333,FALSE,NA,0.87,NA
1000001597,1000000148,1000026746,2000000012,"no treatment",NA,NA,NA,1000005909,0.716,NA,NA,NA,"wood_density",NA,-52.66666667,4.08333333,FALSE,NA,0.716,NA
1000001598,1000000148,1000026746,2000000012,"no treatment",NA,NA,NA,1000006310,0.925,NA,NA,NA,"wood_density",NA,-52.66666667,4.08333333,FALSE,NA,0.925,NA
1000001599,1000000148,1000026746,2000000012,"no treatment",NA,NA,NA,27020,0.79235,NA,NA,NA,"wood_density",NA,-52.66666667,4.08333333,FALSE,NA,0.79235,NA
1000001600,1000000148,1000026746,2000000012,"no treatment",NA,NA,NA,1000006766,0.572,NA,NA,NA,"wood_density",NA,-52.66666667,4.08333333,FALSE,NA,0.572,NA
1000001601,1000000148,1000026746,2000000012,"no treatment",NA,NA,NA,1000007108,0.86,NA,NA,NA,"wood_density",NA,-52.66666667,4.08333333,FALSE,NA,0.86,NA
1000001602,1000000148,1000026746,2000000012,"no treatment",NA,NA,NA,1000007111,0.802,NA,NA,NA,"wood_density",NA,-52.66666667,4.08333333,FALSE,NA,0.802,NA
1000001603,1000000148,1000026746,2000000012,"no treatment",NA,NA,NA,1000007174,0.8874,NA,NA,NA,"wood_density",NA,-52.66666667,4.08333333,FALSE,NA,0.8874,NA
1000001604,1000000148,1000026746,2000000012,"no treatment",NA,NA,NA,1000007185,0.88,NA,NA,NA,"wood_density",NA,-52.66666667,4.08333333,FALSE,NA,0.88,NA
1000001605,1000000148,1000026746,2000000012,"no treatment",NA,NA,NA,1000007250,0.88,NA,NA,NA,"wood_density",NA,-52.66666667,4.08333333,FALSE,NA,0.88,NA
1000001606,1000000148,1000026746,2000000012,"no treatment",NA,NA,NA,1000007307,0.7475,NA,NA,NA,"wood_density",NA,-52.66666667,4.08333333,FALSE,NA,0.7475,NA
1000001607,1000000148,1000026746,2000000012,"no treatment",NA,NA,NA,1000007817,0.921364,NA,NA,NA,"wood_density",NA,-52.66666667,4.08333333,FALSE,NA,0.921364,NA
1000001608,1000000148,1000026746,2000000012,"no treatment",NA,NA,NA,1000008805,0.786714,NA,NA,NA,"wood_density",NA,-52.66666667,4.08333333,FALSE,NA,0.786714,NA
1000001609,1000000148,1000026746,2000000012,"no treatment",NA,NA,NA,1000009318,0.62,NA,NA,NA,"wood_density",NA,-52.66666667,4.08333333,FALSE,NA,0.62,NA
1000001611,1000000148,1000026746,2000000012,"no treatment",NA,NA,NA,1000010468,0.56,NA,NA,NA,"wood_density",NA,-52.66666667,4.08333333,FALSE,NA,0.56,NA
1000001613,1000000148,1000026746,2000000012,"no treatment",NA,NA,NA,1000011467,0.942333,NA,NA,NA,"wood_density",NA,-52.66666667,4.08333333,FALSE,NA,0.942333,NA
1000001614,1000000148,1000026746,2000000012,"no treatment",NA,NA,NA,1000011485,0.964,NA,NA,NA,"wood_density",NA,-52.66666667,4.08333333,FALSE,NA,0.964,NA
1000001615,1000000148,1000026746,2000000012,"no treatment",NA,NA,NA,1000011663,0.57,NA,NA,NA,"wood_density",NA,-52.66666667,4.08333333,FALSE,NA,0.57,NA
1000001616,1000000148,1000026746,2000000012,"no treatment",NA,NA,NA,1000011681,0.5575,NA,NA,NA,"wood_density",NA,-52.66666667,4.08333333,FALSE,NA,0.5575,NA
1000001617,1000000148,1000026746,2000000012,"no treatment",NA,NA,NA,1000011686,0.685,NA,NA,NA,"wood_density",NA,-52.66666667,4.08333333,FALSE,NA,0.685,NA
1000001618,1000000148,1000026746,2000000012,"no treatment",NA,NA,NA,1000012115,0.5796,NA,NA,NA,"wood_density",NA,-52.66666667,4.08333333,FALSE,NA,0.5796,NA
1000001619,1000000148,1000026746,2000000012,"no treatment",NA,NA,NA,1000014329,0.8165,NA,NA,NA,"wood_density",NA,-52.66666667,4.08333333,FALSE,NA,0.8165,NA
1000001620,1000000148,1000026746,2000000012,"no treatment",NA,NA,NA,1000014363,0.7205,NA,NA,NA,"wood_density",NA,-52.66666667,4.08333333,FALSE,NA,0.7205,NA
1000001622,1000000148,1000026746,2000000012,"no treatment",NA,NA,NA,1000014967,0.605,NA,NA,NA,"wood_density",NA,-52.66666667,4.08333333,FALSE,NA,0.605,NA
1000001623,1000000148,1000026746,2000000012,"no treatment",NA,NA,NA,1000015035,0.57,NA,NA,NA,"wood_density",NA,-52.66666667,4.08333333,FALSE,NA,0.57,NA
1000001625,1000000148,1000026746,2000000012,"no treatment",NA,NA,NA,1000015307,0.793625,NA,NA,NA,"wood_density",NA,-52.66666667,4.08333333,FALSE,NA,0.793625,NA
1000001627,1000000149,1000026725,2000000012,"no treatment",NA,NA,NA,50624,0.541822,NA,NA,NA,"wood_density",NA,-79.11666667,9.16666667,FALSE,NA,0.541822,NA
1000001629,1000000150,1000026740,2000000012,"no treatment",NA,NA,NA,363,0.62,NA,NA,NA,"wood_density",NA,-158.0333333,21.35,FALSE,NA,0.62,NA
1000001630,1000000151,1000026743,2000000012,"no treatment",NA,NA,NA,49993,0.867692,NA,NA,NA,"wood_density",NA,-66.89,10.5,FALSE,NA,0.867692,NA
1000001632,1000000151,1000026743,2000000012,"no treatment",NA,NA,NA,39891,0.71225,NA,NA,NA,"wood_density",NA,-66.89,10.5,FALSE,NA,0.71225,NA
1000001633,1000000151,1000026743,2000000012,"no treatment",NA,NA,NA,36729,1.043333,NA,NA,NA,"wood_density",NA,-66.89,10.5,FALSE,NA,1.043333,NA
1000001634,1000000162,1000026748,2000000012,"no treatment",NA,NA,NA,1000001875,0.78,NA,NA,NA,"wood_density",NA,-41.41666667,-22.2,FALSE,NA,0.78,NA
1000001635,1000000162,1000026748,2000000012,"no treatment",NA,NA,NA,1000020994,0.75,NA,NA,NA,"wood_density",NA,-41.41666667,-22.2,FALSE,NA,0.75,NA
1000001637,1000000152,820,2000000012,"no treatment",NA,NA,NA,28069,0.607,NA,NA,NA,"wood_density",NA,-118.441548,34.067362,FALSE,TRUE,0.607,NA
1000001638,1000000154,1000026747,2000000012,"no treatment",NA,NA,NA,19251,0.653,NA,NA,NA,"wood_density",NA,85.641074,27.61922,FALSE,NA,0.653,NA
1000001641,1000000141,1000026744,2000000012,"no treatment",NA,NA,NA,1300,0.73,NA,NA,NA,"wood_density",NA,79.45,29.38,FALSE,NA,0.73,NA
1000001642,1000000155,1000025744,2000000012,"no treatment",NA,NA,NA,50074,0.86,NA,NA,NA,"wood_density",NA,-67.05,10.25,FALSE,NA,0.86,NA
1000001643,1000000155,1000025744,2000000012,"no treatment",NA,NA,NA,13503,0.88,NA,NA,NA,"wood_density",NA,-67.05,10.25,FALSE,NA,0.88,NA
1000001644,1000000156,1000025744,2000000012,"no treatment",NA,NA,NA,1000003609,0.85,NA,NA,NA,"wood_density",NA,-67.05,10.25,FALSE,NA,0.85,NA
1000001645,1000000156,1000025744,2000000012,"no treatment",NA,NA,NA,49882,0.6,NA,NA,NA,"wood_density",NA,-67.05,10.25,FALSE,NA,0.6,NA
1000001646,1000000156,1000025744,2000000012,"no treatment",NA,NA,NA,13503,0.6,NA,NA,NA,"wood_density",NA,-67.05,10.25,FALSE,NA,0.6,NA
1000001647,1000000157,1133,2000000012,"no treatment",NA,NA,NA,1000020990,0.67,NA,NA,NA,"wood_density",NA,-67.05,1.9333,FALSE,NA,0.67,NA
1000001648,1000000157,1133,2000000012,"no treatment",NA,NA,NA,1000020977,0.61,NA,NA,NA,"wood_density",NA,-67.05,1.9333,FALSE,NA,0.61,NA
1000001649,1000000157,1133,2000000012,"no treatment",NA,NA,NA,1000020995,0.63,NA,NA,NA,"wood_density",NA,-67.05,1.9333,FALSE,NA,0.63,NA
1000001650,1000000157,1133,2000000012,"no treatment",NA,NA,NA,50884,0.61,NA,NA,NA,"wood_density",NA,-67.05,1.9333,FALSE,NA,0.61,NA
1000001651,1000000157,1133,2000000012,"no treatment",NA,NA,NA,50885,0.55,NA,NA,NA,"wood_density",NA,-67.05,1.9333,FALSE,NA,0.55,NA
1000001652,1000000158,1133,2000000012,"no treatment",NA,NA,NA,1000002221,0.653571,NA,NA,NA,"wood_density",NA,-67.05,1.9333,FALSE,NA,0.653571,NA
1000001654,1000000159,1000005005,2000000012,"no treatment",NA,NA,NA,49937,0.53599,NA,NA,NA,"wood_density",NA,-79.8461,9.1543,FALSE,NA,0.53599,NA
1000001655,1000000159,1000005005,2000000012,"no treatment",NA,NA,NA,1000006385,0.67,NA,NA,NA,"wood_density",NA,-79.8461,9.1543,FALSE,NA,0.67,NA
1000001656,1000000159,1000005005,2000000012,"no treatment",NA,NA,NA,18178,0.62,NA,NA,NA,"wood_density",NA,-79.8461,9.1543,FALSE,NA,0.62,NA
1000001657,1000000159,1000005005,2000000012,"no treatment",NA,NA,NA,1000009869,0.726991,NA,NA,NA,"wood_density",NA,-79.8461,9.1543,FALSE,NA,0.726991,NA
1000001658,1000000159,1000005005,2000000012,"no treatment",NA,NA,NA,1000011923,0.56362,NA,NA,NA,"wood_density",NA,-79.8461,9.1543,FALSE,NA,0.56362,NA
1000001659,1000000159,1000005005,2000000012,"no treatment",NA,NA,NA,50986,0.841537,NA,NA,NA,"wood_density",NA,-79.8461,9.1543,FALSE,NA,0.841537,NA
1000001660,1000000160,1000026715,2000000012,"no treatment",NA,NA,NA,1000020863,0.666457,NA,NA,NA,"wood_density",NA,-54.1333333333333,-25.5180555555556,FALSE,NA,0.666457,NA
1000001662,1000000160,1000026715,2000000012,"no treatment",NA,NA,NA,1000020991,0.688,NA,NA,NA,"wood_density",NA,-54.1333333333333,-25.5180555555556,FALSE,NA,0.688,NA
1000001663,1000000160,1000026715,2000000012,"no treatment",NA,NA,NA,39582,0.794527,NA,NA,NA,"wood_density",NA,-54.1333333333333,-25.5180555555556,FALSE,NA,0.794527,NA
1000001664,1000000160,1000026715,2000000012,"no treatment",NA,NA,NA,1000010391,0.74388,NA,NA,NA,"wood_density",NA,-54.1333333333333,-25.5180555555556,FALSE,NA,0.74388,NA
1000001665,1000000161,1000026742,2000000012,"no treatment",NA,NA,NA,50036,0.91,NA,NA,NA,"wood_density",NA,-43.75,-22.25,FALSE,NA,0.91,NA
1000001666,1000000161,1000026742,2000000012,"no treatment",NA,NA,NA,10238,0.65,NA,NA,NA,"wood_density",NA,-43.75,-22.25,FALSE,NA,0.65,NA
1000001667,1000000161,1000026742,2000000012,"no treatment",NA,NA,NA,281,0.705,NA,NA,NA,"wood_density",NA,-43.75,-22.25,FALSE,NA,0.705,NA
1000001669,1000000161,1000026742,2000000012,"no treatment",NA,NA,NA,50735,0.65,NA,NA,NA,"wood_density",NA,-43.75,-22.25,FALSE,NA,0.65,NA
1000001670,1000000153,1000025739,2000000012,"no treatment",NA,NA,NA,1000001544,0.559462,NA,NA,NA,"wood_density",NA,-47.88333333,-15.93333333,FALSE,NA,0.559462,NA
1000001671,1000000153,1000025739,2000000012,"no treatment",NA,NA,NA,10238,0.589642,NA,NA,NA,"wood_density",NA,-47.88333333,-15.93333333,FALSE,NA,0.589642,NA
1000001673,1000000153,1000025739,2000000012,"no treatment",NA,NA,NA,1000020872,0.539474,NA,NA,NA,"wood_density",NA,-47.88333333,-15.93333333,FALSE,NA,0.539474,NA
1000001674,1000000132,1000005005,2000000012,"no treatment",NA,NA,NA,51206,0.456,NA,NA,NA,"wood_density",NA,-79.8461,9.1543,FALSE,NA,0.456,NA
99000000157,1000000071,2000000002,2000000012,"no treatment",NA,NA,NA,369,1.135238,NA,NA,NA,"wood_Kexp",NA,-79.542955,8.994504,FALSE,NA,1.135238,NA
99000000158,1000000071,2000000002,2000000012,"no treatment",NA,NA,NA,1000004507,0.740253,NA,NA,NA,"wood_Kexp",NA,-79.542955,8.994504,FALSE,NA,0.740253,NA
99000000159,1000000071,2000000002,2000000012,"no treatment",NA,NA,NA,1000006285,2.486111,NA,NA,NA,"wood_Kexp",NA,-79.542955,8.994504,FALSE,NA,2.486111,NA
99000000161,1000000071,2000000002,2000000012,"no treatment",NA,NA,NA,1000013264,1.170142,NA,NA,NA,"wood_Kexp",NA,-79.542955,8.994504,FALSE,NA,1.170142,NA
99000000162,1000000078,2000000002,2000000012,"no treatment",NA,NA,NA,1000011607,1.105714,NA,NA,NA,"wood_Kexp",NA,-79.542955,8.994504,FALSE,NA,1.105714,NA
99000000167,1000000135,1000026724,2000000012,"no treatment",NA,NA,NA,11703,1.452308,NA,NA,NA,"wood_Kexp",NA,101.7666667,21.9,FALSE,NA,1.452308,NA
99000000170,1000000067,1000026725,2000000012,"no treatment",NA,NA,NA,1000016040,1.216454,NA,NA,NA,"wood_Kexp",NA,-79.11666667,9.16666667,FALSE,NA,1.216454,NA
99000000171,1000000067,1000026725,2000000012,"no treatment",NA,NA,NA,1000003071,1.693649,NA,NA,NA,"wood_Kexp",NA,-79.11666667,9.16666667,FALSE,NA,1.693649,NA
99000000172,1000000067,1000026725,2000000012,"no treatment",NA,NA,NA,1000003310,1.960863,NA,NA,NA,"wood_Kexp",NA,-79.11666667,9.16666667,FALSE,NA,1.960863,NA
99000000173,1000000067,1000026725,2000000012,"no treatment",NA,NA,NA,1000004507,2.521404,NA,NA,NA,"wood_Kexp",NA,-79.11666667,9.16666667,FALSE,NA,2.521404,NA
99000000174,1000000067,1000026725,2000000012,"no treatment",NA,NA,NA,1000007615,2.766427,NA,NA,NA,"wood_Kexp",NA,-79.11666667,9.16666667,FALSE,NA,2.766427,NA
99000000176,1000000067,1000026725,2000000012,"no treatment",NA,NA,NA,1000010298,2.084268,NA,NA,NA,"wood_Kexp",NA,-79.11666667,9.16666667,FALSE,NA,2.084268,NA
99000000177,1000000067,1000026725,2000000012,"no treatment",NA,NA,NA,1000010324,2.177758,NA,NA,NA,"wood_Kexp",NA,-79.11666667,9.16666667,FALSE,NA,2.177758,NA
99000000178,1000000067,1000026725,2000000012,"no treatment",NA,NA,NA,1000013227,3.113522,NA,NA,NA,"wood_Kexp",NA,-79.11666667,9.16666667,FALSE,NA,3.113522,NA
99000000179,1000000067,1000026725,2000000012,"no treatment",NA,NA,NA,1000013927,1.825897,NA,NA,NA,"wood_Kexp",NA,-79.11666667,9.16666667,FALSE,NA,1.825897,NA
99000000180,1000000067,1000026725,2000000012,"no treatment",NA,NA,NA,1000014447,2.798588,NA,NA,NA,"wood_Kexp",NA,-79.11666667,9.16666667,FALSE,NA,2.798588,NA
99000000181,1000000067,1000026725,2000000012,"no treatment",NA,NA,NA,26648,3.56324,NA,NA,NA,"wood_Kexp",NA,-79.11666667,9.16666667,FALSE,NA,3.56324,NA
99000000182,99000000009,1000000105,2000000012,"no treatment",NA,NA,NA,1000000953,1.909364,NA,NA,NA,"wood_Kexp",NA,-79.848,9.154,FALSE,NA,1.909364,NA
99000000183,99000000009,1000000105,2000000012,"no treatment",NA,NA,NA,1000001352,2.41254,NA,NA,NA,"wood_Kexp",NA,-79.848,9.154,FALSE,NA,2.41254,NA
99000000184,99000000009,1000000105,2000000012,"no treatment",NA,NA,NA,1000003247,1.749033,NA,NA,NA,"wood_Kexp",NA,-79.848,9.154,FALSE,NA,1.749033,NA
99000000185,99000000009,1000000105,2000000012,"no treatment",NA,NA,NA,1000004138,2.313515,NA,NA,NA,"wood_Kexp",NA,-79.848,9.154,FALSE,NA,2.313515,NA
99000000186,99000000009,1000000105,2000000012,"no treatment",NA,NA,NA,1000004511,2.602473,NA,NA,NA,"wood_Kexp",NA,-79.848,9.154,FALSE,NA,2.602473,NA
99000000187,99000000009,1000000105,2000000012,"no treatment",NA,NA,NA,1000007591,4.522818,NA,NA,NA,"wood_Kexp",NA,-79.848,9.154,FALSE,NA,4.522818,NA
99000000189,99000000009,1000000105,2000000012,"no treatment",NA,NA,NA,1000008125,3.806415,NA,NA,NA,"wood_Kexp",NA,-79.848,9.154,FALSE,NA,3.806415,NA
99000000190,99000000009,1000000105,2000000012,"no treatment",NA,NA,NA,1000010294,2.031004,NA,NA,NA,"wood_Kexp",NA,-79.848,9.154,FALSE,NA,2.031004,NA
99000000191,99000000009,1000000105,2000000012,"no treatment",NA,NA,NA,1000010653,2.850932,NA,NA,NA,"wood_Kexp",NA,-79.848,9.154,FALSE,NA,2.850932,NA
99000000192,99000000009,1000000105,2000000012,"no treatment",NA,NA,NA,1000014680,2.263473,NA,NA,NA,"wood_Kexp",NA,-79.848,9.154,FALSE,NA,2.263473,NA
99000000494,99000000010,2000000002,2000000012,"no treatment",NA,NA,NA,369,0.095,NA,NA,NA,"quantum_efficiency",NA,-79.542955,8.994504,FALSE,NA,0.095,NA
99000000498,99000000011,2000000002,2000000012,"no treatment",NA,NA,NA,1000013913,0.068,NA,NA,NA,"quantum_efficiency",NA,-79.542955,8.994504,FALSE,NA,0.068,NA
99000000501,99000000012,99000000402,2000000012,"no treatment",NA,NA,NA,49394,0.02155,NA,NA,NA,"quantum_efficiency",NA,-47.1,-22.73,FALSE,FALSE,0.02155,NA
99000000502,99000000012,99000000402,2000000012,"no treatment",NA,NA,NA,49394,0.0406,NA,NA,NA,"quantum_efficiency",NA,-47.1,-22.73,FALSE,FALSE,0.0406,NA
99000000512,99000000011,2000000002,2000000012,"no treatment",NA,NA,NA,1000013913,0.068,NA,NA,NA,"quantum_efficiency",NA,-79.542955,8.994504,FALSE,NA,0.068,NA
99000000513,99000000010,2000000002,2000000012,"no treatment",NA,NA,NA,369,0.129,NA,NA,NA,"quantum_efficiency",NA,-79.542955,8.994504,FALSE,NA,0.129,NA
42061,504,805,1553,"observational",NA,"00:00:00",NA,762,0.055,NA,NA,NA,"quantum_efficiency",NA,-121.75,38.54,TRUE,TRUE,0.055,NA
42145,513,823,1562,"observational",NA,"00:00:00",NA,14363,0.092,NA,NA,NA,"quantum_efficiency",NA,16.353183,48.21715,TRUE,TRUE,0.092,NA
42148,513,823,1562,"observational",NA,"00:00:00",NA,893,0.093,NA,NA,NA,"quantum_efficiency",NA,16.353183,48.21715,TRUE,TRUE,0.093,NA
42174,514,813,1563,"observational",NA,"00:00:00",NA,24008,0.094,NA,NA,NA,"quantum_efficiency",NA,-122.174067,37.426694,TRUE,TRUE,0.094,NA
42186,514,813,1563,"observational",NA,"00:00:00",NA,893,0.103,NA,NA,NA,"quantum_efficiency",NA,-122.174067,37.426694,TRUE,TRUE,0.103,NA
44142,579,871,1697,"observational",NA,"00:00:00",NA,43246,0.03,NA,NA,6,"quantum_efficiency",NA,144.844953,13.473978,TRUE,TRUE,0.03,NA
44171,594,881,1712,"observational",NA,"00:00:00",NA,2851,0.0413,NA,NA,6,"quantum_efficiency",NA,-7.972152,37.043901,TRUE,TRUE,0.0413,NA
34900,335,558,NA,NA,NA,"00:00:00",NA,43246,0.03,NA,NA,NA,"quantum_efficiency",NA,96.4883,41.2261,NA,TRUE,0.03,NA
99000000008,1000000109,1000026713,2000000012,"no treatment",NA,NA,NA,1000002823,124.405378,NA,NA,NA,"leaf_psi_tlp",NA,-85.594,10.718,FALSE,NA,124.405378,NA
99000000011,1000000109,1000026713,2000000012,"no treatment",NA,NA,NA,49394,133.582824,NA,NA,NA,"leaf_psi_tlp",NA,-85.594,10.718,FALSE,NA,133.582824,NA
99000000012,1000000109,1000026713,2000000012,"no treatment",NA,NA,NA,1000007823,178.450337,NA,NA,NA,"leaf_psi_tlp",NA,-85.594,10.718,FALSE,NA,178.450337,NA
99000000013,1000000109,1000026713,2000000012,"no treatment",NA,NA,NA,1000008798,323.25004,NA,NA,NA,"leaf_psi_tlp",NA,-85.594,10.718,FALSE,NA,323.25004,NA
99000000014,1000000109,1000026713,2000000012,"no treatment",NA,NA,NA,1000014448,233.515013,NA,NA,NA,"leaf_psi_tlp",NA,-85.594,10.718,FALSE,NA,233.515013,NA
