"","TLS_ID","stemlocx_.m._x","stemlocy_.m._x","Vol_QSM_avg_.m3._x","BLEN..m.","Hgt_pts_.m._x","DBH_TLS_.m._x","DBH_census_.m._x","leaf_area","leaf_area_start","hmean"
"1","6",22.94376716,151.3610829,18.0116,4274.64821,24.3351842,1.005587178,0.97,1177.6,2355.2,17.2314700130843
"2","9",70.78857806,129.4986581,12.0652,3489.826442,25.226797,0.722419269,0.785,961.4,1922.8,18.9375251385445
"3","10",117.7606052,117.3877501,20.7605,4010.459988,28.6986338,0.93861709,0.983,1104.8,2209.7,12.8595026394226
"4","12",30.88037421,145.6524972,16.4806,3780.540012,22.0029866,0.85671211,0.86,1041.5,2083,16.5625789312349
"5","22",80.15992499,134.5382699,8.0527,1731.471448,22.013325,0.7718,0.829,477,954,17.378594635858
"6","29",49.67907226,106.9723482,14.3625,3912.672749,25.030025,0.813716309,0.809,1077.9,2155.8,19.4929325690477
"7","31",56.71581069,162.1704217,7.6654,2267.410687,21.0921557,0.642861474,0.666,624.6,1249.3,15.4741039721525
"8","36",67.17450963,120.7048121,17.1224,4025.992153,26.610309,0.75207723,0.814,1109.1,2218.2,20.7187648209166
"9","43",35.39378334,161.109824,11.4944,3044.581832,21.5891555,0.709479275,0.725,838.7,1677.5,15.5274564848455
"10","45",47.82930533,141.5206858,11.6657,3089.418522,23.3642818,0.815299442,0.866,851.1,1702.2,9.49169928960474
"11","46",41.18711894,134.0818588,5.3886,1221.589766,19.2330006,0.630118819,0.661,336.5,673.1,14.1116702369201
"12","56",2.973418488,198.5693662,11.6107,2862.300725,22.76008002,0.705221154,0.722,788.5,1577.1,14.4774017049694
"13","60",41.81639421,170.7675945,5.1427,1782.613224,21.7405273,0.582121583,0.603,491.1,982.2,12.2423795756077
"14","62",4.564763706,161.1386645,5.6848,2017.687437,20.9443054,0.616252717,0.654,555.8,1111.7,9.65891283429961
"15","70",54.94450674,152.1781466,5.737,2056.523281,22.7475282,0.563182439,0.588,566.5,1133.1,8.61339468974637
"16","73",37.68580904,151.5013763,6.0178,1112.474816,20.2585125,0.591712991,0.613,306.5,612.9,17.0601783317046
"17","74",67.58913995,169.0402473,8.3388,3021.305748,22.9756017,0.670157699,0.724,832.3,1664.7,14.9406036609236
"18","81",133.1296735,162.16162,13.7546,3215.708439,22.482936,0.94538192,0.912,885.9,1771.8,18.058041885394
"19","82",77.8091764,174.0477842,4.3595,2241.881563,21.2442562,0.50319065,0.53,617.6,1235.2,16.3309543636814
"20","93",27.28097556,187.9606466,3.5866,627.7044745,16.7620213,0.660305868,0.666,172.9,345.8,12.1302597617915
"21","95",64.42560822,103.4126278,7.6056,2232.703004,25.611153,0.578125166,0.616,615.1,1230.2,14.796841851983
"22","104",8.591122078,164.2762048,4.4877,1270.842974,20.8122193,0.578681342,0.61,350.1,700.2,15.437100046477
"23","118",63.51296472,175.0868666,2.9136,578.4423869,21.6166894,0.480871404,0.479,159.4,318.7,12.7214696522454
"24","119",28.53036649,153.4523194,3.1947,714.6523692,19.0014061,0.560609223,0.514,196.9,393.8,13.5882005242076
"25","130",13.13923897,175.8087076,5.0526,2895.720176,22.8419551,0.52794183,0.532,797.7,1595.5,7.54086673477574
"26","134",54.39935299,159.3939801,4.9248,1496.076684,22.8425781,0.551169201,0.546,412.2,824.3,16.4000109048404
"27","135",98.99281331,108.7555134,5.1126,922.8159962,22.5698378,0.518643786,0.54,254.2,508.4,16.402874072872
"28","137",71.0118013,126.6193954,5.9955,2769.761024,24.76195,0.543014317,0.566,763,1526.1,18.6056194472299
"29","149",109.0629535,138.1278429,3.1619,1178.527786,25.507814,0.455926902,0.467,324.7,649.3,13.4831913129895
"30","154",68.36792547,133.4793565,3.2004,938.3775673,22.360755,0.521253543,0.361,258.5,517,16.8875784896981
"31","156",84.77575047,149.17353,3.7852,1320.479922,23.164042,0.456375326,0.47,363.8,727.6,19.5425978695119
"32","158",8.096377209,100.8304884,2.2104,1229.117986,20.781519,0.381957417,0.401,338.6,677.2,15.1107496184536
"33","162",23.68969589,187.2964898,3.0609,716.1061306,18.25462189,0.494740115,0.509,197.3,394.6,8.8232224111678
"34","163",107.6128287,122.003867,6.7712,1212.191581,23.6708434,0.674271101,0.658,333.9,667.9,20.0307685625623
"35","186",91.37468568,189.2506086,2.9855,1157.873652,20.7904814,0.45163376,0.478,319,638,15.1489599816659
"36","195",138.2725575,133.3140165,18.2164,4165.091937,23.4766132,1.025798179,0.916,1147.4,2294.9,17.3678634690678
"37","196",22.3831154,189.2296961,2.8827,629.1157687,17.4729193,0.570094047,0.54,173.3,346.6,10.7733910259062
"38","202",70.11756988,111.394459,8.1783,1813.274004,23.646819,0.656191763,0.688,499.5,999.1,17.7203113530887
"39","203",41.95113367,182.6190102,4.2286,1855.044747,21.7525592,0.491831585,0.503,511,1022.1,8.92877853473406
"40","206",108.7163605,169.9803163,4.2703,2147.287545,21.8263158,0.514936376,0.487,591.6,1183.1,6.53813673559274
"41","209",27.76984027,112.2759659,2.6247,1233.536861,23.692805,0.370655997,0.388,339.8,679.6,19.0336991761653
"42","216",82.03275814,149.4949987,2.3809,1008.771374,19.6602227,0.385150105,0.384,277.9,555.8,16.2941902866686
"43","221",63.62477814,182.8074212,5.924,1528.451645,23.808663,0.592554882,0.606,421.1,842.1,10.9428967004502
"44","222",34.42857571,180.3579802,6.4911,2426.211838,21.0093579,0.553782266,0.604,668.4,1336.8,16.0565095791189
"45","223",72.16540046,182.1584575,2.4386,1271.513914,21.9419216,0.400071494,0.401,350.3,700.6,13.3605704461849
"46","225",106.1510041,175.2657273,2.65,46.04831943,10.8767772,0.656216755,0.668,12.7,25.4,5.26801361722128
"47","226",122.5247995,135.4396389,3.0434,410.2808993,23.2543493,0.465201286,0.484,113,226.1,17.8665841304233
"48","229",72.17360494,180.2398434,2.4198,1185.590328,21.8621367,0.404055199,0.417,326.6,653.2,13.9603250771327
"49","236",39.74630447,171.8567046,2.9577,1375.91866,21.4405096,0.432721362,0.468,379,758.1,8.70971734161908
"50","240",70.14685215,182.9622775,2.712,991.2397619,23.0430003,0.419373344,0.418,273.1,546.1,17.7528048392671
"51","253",140.1500265,185.0193272,2.9441,597.3794789,15.88140419,0.535490458,0.523,164.6,329.1,12.4400407032007
"52","254",39.2089884,121.0517125,4.8444,1312.535226,20.0925672,0.5588,0.544,361.6,723.2,14.1852953909936
"53","260",26.52745897,182.630782,9.5065,3105.878518,19.6092641,0.733193057,0.763,855.6,1711.3,15.0382588163824
"54","262",45.51362137,194.9778702,4.5728,1552.964367,23.6635412,0.536527206,0.546,427.8,855.6,17.8600188458436
"55","267",68.65161947,197.4214257,1.9133,1055.985196,22.4682316,0.398225237,0.405,290.9,581.8,17.718690031471
"56","269",25.01985274,120.178577,2.62,984.5302526,21.670502,0.369400247,0.385,271.2,542.5,5.52731986694242
"57","283",46.04241511,126.7019685,8.3523,2045.379522,20.5945846,0.825045506,0.496,563.5,1127,17.077987557891
"58","284",104.9444471,191.859555,3.1979,1617.849397,20.386654,0.429839015,0.44,445.7,891.4,9.86130193548031
"59","286",53.60108035,118.2890895,1.65,622.5957153,20.1724272,0.379029828,0.401,171.5,343,15.7787494889859
"60","291",91.37795011,161.4767308,2.0847,947.3236985,19.9257893,0.377420979,0.385,261,522,10.1908050091026
"61","300",83.30041538,153.2951838,2.2661,820.7909915,21.8304734,0.42199925,0.429,226.1,452.2,18.2487084440963
"62","301",125.2425852,177.0798569,3.2721,2109.155979,19.6063243,0.414951669,0.425,581,1162.1,11.386426815598
"63","317",17.69985666,134.677044,2.8065,1176.133257,21.50786,0.356501776,0.374,324,648,17.0871683153416
"64","325",92.51470861,168.5687059,2.7178,1031.135976,16.2411883,0.474087889,0.462,284.1,568.1,9.50563258392197
"65","332",18.91939345,168.1452029,1.9166,691.1480332,17.81063413,0.390679147,0.418,190.4,380.8,11.4258626690442
"66","338",53.7249845,193.4274195,6.1716,2548.677142,21.8460355,0.550305284,0.56,702.1,1404.3,11.0579460787943
"67","348",114.4813235,182.1542211,9.4867,2450.910945,18.9072561,0.674587838,0.708,675.2,1350.4,13.0791804930258
"68","350",67.2894018,135.4105876,1.456,456.1750058,21.250594,0.330720857,0.34,125.7,251.3,9.21929576697931
"69","353",50.75761995,141.5702449,2.6721,910.2203648,21.7507086,0.419586602,0.443,250.8,501.5,12.8588450651961
"70","367",45.59968796,198.2072381,1.8306,638.6612062,21.1632217,0.375734942,0.382,175.9,351.9,14.9202461692982
"71","371",83.69243051,156.171863,1.9723,696.5997102,17.6461403,0.389703255,0.4,191.9,383.8,8.12527933155438
"72","380",106.9694816,133.5707906,1.7675,500.8801406,24.457413,0.373033318,0.36,138,276,17.10007139748
"73","386",92.13648156,137.814481,17.8499,4877.004929,25.103537,0.783672516,0.851,1343.6,2687.1,19.9891577689415
"74","393",117.465499,191.1524817,4.4421,1031.583046,18.50886153,0.58378312,0.566,284.2,568.4,13.7512119086935
"75","410",-0.165674868,105.1131627,2.6679,1711.982982,23.4797493,0.377244053,NA,471.6,943.3,16.680925421453
"76","413",28.93809271,113.7959688,1.9724,833.3953227,23.33506,0.362367692,0.367,229.6,459.2,16.5541087348881
"77","419",105.4890352,129.6837983,1.7911,760.2731315,24.826259,0.314608385,0.325,209.4,418.9,19.1853701790538
"78","424",122.7731425,137.2383205,1.4778,499.9402086,23.7710556,0.321268228,0.331,137.7,275.5,18.6551196841392
"79","425",118.7306011,148.3417072,2.4453,227.4197484,19.9317515,0.492014096,0.497,62.7,125.3,11.7468348107534
"80","434",137.416637,152.2269776,1.9055,356.1026113,20.5888099,0.422533088,0.399,98.1,196.2,15.5738907667992
"81","439",124.1139936,151.3417837,1.89,745.9270233,23.880934,0.334388698,0.35,205.5,411,8.23718914648326
"82","442",123.3725586,144.0464539,2.5131,650.2654817,23.7412714,0.370912036,0.395,179.1,358.3,7.23195647601905
"83","446",87.47270276,111.0392802,65.5097,11980.23797,30.564069,1.273673471,1.412,3300.4,6600.8,18.8216511283465
"84","450",124.5671307,158.3788385,1.936,841.1052673,22.209722,0.340878534,0.35,231.7,463.4,9.50901070482477
"85","459",16.98964071,177.0050751,1.4528,789.6980988,21.1247283,0.30979513,0.32,217.6,435.1,7.61144335840425
"86","460",1.547480781,127.4512638,1.8674,890.4119846,20.4694182,0.352572151,0.361,245.3,490.6,15.7923050613893
"87","469",134.2169746,129.6290507,2.3995,1016.056543,22.9145609,0.317641008,0.327,279.9,559.8,6.57412191929624
"88","472",76.84496658,195.4077738,1.2441,503.0069608,19.1264955,0.341124631,0.338,138.6,277.1,9.30997867225411
"89","473",88.81301647,148.5325254,1.5137,504.7076214,21.348051,0.310554881,0.32,139,278.1,13.8300272488487
"90","484",7.791491535,173.6972084,1.4335,557.1340015,21.6179291,0.320758485,0.328,153.5,307,5.80230346919519
"91","485",32.44280712,129.4510477,1.1889,440.3570616,19.5896705,0.28790107,0.297,121.3,242.6,12.8432690646103
"92","487",88.7932352,178.3480032,7.6264,3663.740913,22.5244687,0.679134239,0.718,1009.3,2018.6,17.0394360266738
"93","496",39.87814629,108.5980919,1.3015,533.2393741,21.986072,0.28535537,0.292,146.9,293.8,14.3806885960075
"94","499",139.8921995,158.6633019,1.1704,467.2309517,20.8087986,0.295824303,0.322,128.7,257.4,17.0735898373142
"95","501",129.7317172,129.6601296,2.0693,675.0890302,21.8332324,0.365067462,0.352,186,372,17.9176564512211
"96","513",35.37905841,127.8715369,1.0659,364.7812544,19.8314807,0.280264995,0.285,100.5,201,12.9320198749899
"97","524",138.1887006,118.46225,2.8384,1165.816589,21.9975854,0.373863563,0.395,321.2,642.3,17.0783552520054
"98","538",19.52133308,143.5732155,1.1398,379.1240371,20.1967924,0.294119522,0.299,104.4,208.9,7.18100318682757
"99","541",13.49517003,122.4251578,2.0487,879.2215282,19.5474122,0.356942673,0.363,242.2,484.4,13.6601319902998
"100","552",122.8539364,161.225953,1.3343,469.2044959,20.6877244,0.319587402,0.312,129.3,258.5,12.4640235903661
"101","555",17.7333637,135.575942,1.2456,447.8848846,21.2267564,0.274058156,0.286,123.4,246.8,5.57525340159067
"102","562",81.70155632,182.4412376,1.022,600.4335621,17.78754206,0.293019179,0.293,165.4,330.8,11.2189906067878
"103","568",111.0182252,167.6875624,1.5585,679.1398044,21.4072455,0.313350507,0.303,187.1,374.2,14.3600292523996
"104","577",10.76632063,134.5854097,1.1142,440.4270809,16.82026711,0.301369165,0.302,121.3,242.7,3.99463363876969
"105","580",12.30639964,161.9865732,1.5212,1026.299656,17.1800447,0.33921744,0.341,282.7,565.5,8.92744237143012
"106","588",65.11973207,183.329831,1.267,346.1851497,20.997677,0.325860682,0.326,95.4,190.7,16.3190522866555
"107","595",127.3248584,133.1007262,2.5478,925.8339637,22.4844351,0.372701657,0.377,255.1,510.1,16.2294107466606
"108","596",60.37423737,128.251817,1.1292,451.6951239,18.0548949,0.276167878,0.275,124.4,248.9,4.90234513822117
"109","600",92.21434341,180.8434089,4.8537,2055.891736,23.0904794,0.550774934,0.543,566.4,1132.7,17.7463699729063
"110","602",89.78191067,157.2868029,0.8974,403.7780528,19.440323,0.247468628,0.255,111.2,222.5,6.56445470904727
"111","606",110.4305769,151.7234805,1.6406,818.6723576,21.7395467,0.335431113,0.332,225.5,451.1,8.63958891507298
"112","616",29.95338435,128.9464113,1.0743,392.4965856,19.7253497,0.266298419,0.272,108.1,216.3,12.8968521110596
"113","638",60.76432264,139.4601797,1.1353,564.4022341,18.0456204,0.285583478,0.293,155.5,311,14.9379786094552
"114","664",100.5828453,199.0079275,2.4121,1026.410532,23.2193546,0.353847562,0.368,282.8,565.5,10.3963828910262
"115","672",14.78907845,121.1322809,0.9356,297.1820866,19.0274803,0.26069599,0.264,81.9,163.7,15.1868571536635
"116","675",109.3110842,133.0506298,2.1256,410.3065808,25.143898,0.38663073,0.393,113,226.1,21.9877812398847
"117","688",14.01790073,121.5610926,0.9184,304.1657503,19.5355867,0.264614932,0.277,83.8,167.6,6.54506597765577
"118","691",82.79503582,191.6908158,1.1114,553.0921333,19.4618089,0.290485487,0.296,152.4,304.7,8.0200421764792
"119","700",58.69934408,124.2394647,0.834,287.9585368,17.8829394,0.249854635,0.261,79.3,158.7,12.9391914490131
"120","702",125.4978286,150.3476674,1.1303,490.3858617,24.553604,0.249940764,0.264,135.1,270.2,13.7864856678027
"121","709",90.85426019,156.0379812,0.8235,345.5244666,18.9259954,0.253777179,0.255,95.2,190.4,4.19106680672231
"122","710",135.4759725,104.1472339,1.1562,518.9967627,16.7351385,0.289797001,0.281,143,286,12.1374166288464
"123","714",89.10670335,157.870709,0.9885,632.1624353,16.6906469,0.254141181,0.257,174.2,348.3,7.00869520791404
"124","725",105.1054564,105.773972,1.634,544.7416486,22.4463356,0.276568985,0.296,150.1,300.1,15.938930083663
"125","727",15.9925055,142.5447423,0.7842,344.2854419,18.6285992,0.254611536,0.253,94.8,189.7,10.9997354700045
"126","735",12.08283032,184.3743162,1.0775,833.3646213,13.9578331,0.2751,0.274,229.6,459.2,8.36982555680807
"127","746",32.7864344,122.8169195,5.0151,1011.341961,19.8241746,0.709117201,0.642,278.6,557.2,13.325136888812
"128","752",133.5115501,133.0973991,1.8846,959.8085073,20.6012724,0.320126415,0.331,264.4,528.8,16.2871679804826
"129","763",107.3800233,196.969161,2.0131,982.2198955,21.4926888,0.371321646,0.372,270.6,541.2,17.4486305644012
"130","778",48.14290446,192.8743005,3.7196,1578.484316,24.2577124,0.480692936,0.487,434.9,869.7,19.0445630084463
"131","781",28.18838443,131.6098249,0.8283,381.1516249,17.8883962,0.251276633,0.258,105,210,11.3207974543128
"132","786",4.56837162,134.4539243,0.9509,502.7720788,16.694513,0.262052213,0.274,138.5,277,7.0361224230211
"133","794",20.74441112,143.302007,0.785,278.5252816,20.5051884,0.246156697,0.254,76.7,153.5,12.5597411872776
"134","795",131.5967033,170.4664472,6.8252,1949.353896,24.391443,0.66966836,0.667,537,1074,19.2910899984442
"135","799",89.53990668,197.921102,1.0182,427.9128693,22.2215423,0.265105522,0.27,117.9,235.8,11.199855721544
"136","807",26.11606463,125.2989,0.9938,389.6664283,17.743972,0.254808372,0.263,107.3,214.7,13.1451726091442
"137","827",103.1324659,136.7683474,1.3407,418.2257337,24.667463,0.2881,0.292,115.2,230.4,18.174637507954
"138","829",112.8366568,193.1949356,0.6068,328.6361041,18.25246035,0.233003007,0.235,90.5,181.1,14.5073255312981
"139","833",10.83545908,196.15963,2.0302,1096.915859,16.2665596,0.4787,0.413,302.2,604.4,7.15975018738886
"140","834",91.19498128,150.3427236,1.2675,616.9346428,20.6423351,0.303670592,0.298,170,339.9,15.4329146507443
"141","837",4.323083188,176.8849857,2.0143,951.0469287,21.7585262,0.374685321,0.381,262,524,14.4899994847371
"142","838",83.98696933,144.0303978,4.4253,901.0456479,21.28912,0.531,0.502,248.2,496.5,15.4726002815506
"143","848",114.7239259,135.5222612,1.0299,215.5537443,24.916691,0.267296827,0.276,59.4,118.8,9.15143962691953
"144","853",115.4164464,168.0779206,2.0106,728.0707649,22.0192735,0.47733495,0.429,200.6,401.1,16.5115877364713
"145","868",46.14331647,157.2392433,0.6909,272.3655653,19.184502,0.222996826,0.232,75,150.1,8.66322889411224
"146","869",74.5120546,191.459202,0.5805,265.4366873,17.3750977,0.231614787,0.24,73.1,146.2,5.28951763317037
"147","871",23.24623709,137.316906,1.1836,571.7497785,20.3670568,0.259997749,0.268,157.5,315,15.2710608375112
"148","877",125.4792289,192.2210364,1.0755,571.8781616,19.08387431,0.277096752,0.279,157.5,315.1,13.6553454207892
"149","878",18.04435618,143.7528768,0.6898,303.0250027,18.9539141,0.244742821,0.241,83.5,167,10.8555142081992
"150","889",18.54346444,151.6939956,0.5413,521.3866632,12.3743982,0.208353748,0.215,143.6,287.3,5.36583165917791
"151","901",31.62345031,130.7169174,0.8202,311.3084641,19.0493633,0.240629706,0.253,85.8,171.5,16.1737523782962
"152","913",53.29583241,120.4615139,0.6432,352.2718808,16.951642,0.237785571,0.226,97,194.1,8.68151067639887
"153","930",116.3334352,154.3153154,0.7746,228.6922713,22.873589,0.21878028,0.226,63,126,7.45381783398735
"154","931",108.8109254,151.9636355,0.7525,409.4706301,18.2476263,0.248525193,0.262,112.8,225.6,13.7493090646304
"155","937",109.5134314,108.0041487,1.49,543.9327664,22.1582162,0.244889706,0.254,149.8,299.7,6.13531787619471
"156","939",129.5750606,190.1244834,1.2453,666.0717197,20.0418227,0.289648743,0.289,183.5,367,6.47308566346913
"157","940",104.9109129,145.2427481,3.973,1664.909337,23.667377,0.439556136,0.452,458.7,917.3,19.7867443760519
"158","958",121.0273685,106.4769756,0.9011,325.185617,17.3769018,0.264962978,0.262,89.6,179.2,12.6351640015867
"159","971",115.6870048,123.298809,0.8963,261.0731517,23.7396675,0.247326554,0.261,71.9,143.8,17.6596945113215
"160","973",89.43623794,169.7530705,1.6695,400.9602082,14.86433379,0.460898744,0.45,110.5,220.9,11.3830737732893
"161","977",131.8213309,101.9083169,1.5466,882.079917,13.4742822,0.306383413,0.304,243,486,7.16640544630273
"162","979",103.4416896,109.0397248,1.5974,467.6326908,24.2861752,0.312345835,0.323,128.8,257.7,5.44591914020414
"163","990",103.7133769,154.9834161,0.4967,214.0035567,17.1628056,0.215005418,0.219,59,117.9,4.8682104339751
"164","1014",83.6244207,194.5769835,0.4689,195.5590769,18.98253071,0.212061921,0.202,53.9,107.7,15.7245123302365
"165","1016",126.0027964,187.9539413,1.4359,719.8766325,21.3762809,0.304567484,0.305,198.3,396.6,15.9397583216046
"166","1019",128.7732385,172.3744934,3.2638,1126.63743,23.3256398,0.480852185,0.49,310.4,620.7,19.0309008672584
"167","1043",67.85202105,190.4656379,0.6038,461.663279,17.147352,0.226507044,0.223,127.2,254.4,7.23694371150354
"168","1045",27.8974396,197.8857401,0.9283,429.9106559,21.57482308,0.270945677,0.277,118.4,236.9,16.2187419925891
"169","1055",53.6891794,187.6668907,0.7088,347.608149,21.8839519,0.211002071,0.22,95.8,191.5,16.7181278545935
"170","1074",59.41513596,175.1002794,7.0658,2203.365241,22.774651,0.641600393,0.66,607,1214,15.854454938843
"171","1080",24.67194701,193.3833175,2.7162,1673.820616,21.6418763,0.439498635,0.456,461.1,922.2,14.2660487363776
"172","1081",42.84364879,103.814152,0.6722,247.7135442,20.883704,0.218505075,0.224,68.2,136.5,5.76620666767041
"173","1089",10.13304207,133.5428993,0.3019,185.8841634,10.4840561,0.215194291,0.214,51.2,102.4,7.71079286367763
"174","1090",57.28804229,113.590025,0.7393,338.6357398,18.9537129,0.2428,0.258,93.3,186.6,13.5707003441144
"175","1093",132.4202371,178.1947794,1.147,639.2182786,19.0007133,0.285631784,0.286,176.1,352.2,12.4239664563876
"176","1101",122.1782372,104.3465902,0.9421,518.6402389,16.3525638,0.2642,0.262,142.9,285.8,10.5471882807105
"177","1107",112.6561775,132.723096,0.7839,230.1218803,24.836745,0.2307,0.242,63.4,126.8,16.9327200085569
"178","1108",121.6916648,152.5446528,1.3772,694.4127937,22.612586,0.290480831,0.3,191.3,382.6,15.0664036810633
"179","1109",14.31204371,103.9386474,0.5023,228.1041033,12.9500215,0.229626977,0.224,62.8,125.7,6.21761167236338
"180","1116",115.9448483,133.4190979,1.075,433.7355067,24.515057,0.27341383,0.275,119.5,239,16.9220364882049
"181","1118",82.47722887,190.1999443,0.4525,222.6877094,19.2951258,0.195273484,0.196,61.3,122.7,15.702859825809
"182","1119",19.86995257,142.8778179,0.4019,152.0693458,16.057091,0.1994,0.199,41.9,83.8,10.6446858189759
"183","1121",82.93639136,148.896279,0.9102,334.9418395,19.7320564,0.257195224,0.263,92.3,184.5,11.6916776114325
"184","1129",100.6287904,156.8420108,0.3811,222.637367,14.0916186,0.18635751,0.189,61.3,122.7,10.8719511011328
"185","1147",93.67283345,194.371698,1.5893,656.5895728,21.2390427,0.32598903,0.33,180.9,361.8,6.88225348204662
"186","1179",87.16040738,198.9750275,0.5604,289.7594905,20.52704383,0.2188,0.225,79.8,159.7,14.930909999782
"187","1183",122.1874222,175.7444116,0.9827,355.7528236,20.5231027,0.268400595,0.269,98,196,15.950943525179
"188","1191",134.6579886,193.4056104,4.8269,1092.634934,18.66658171,0.613394755,0.626,301,602,12.5397845169146
"189","1209",19.04608101,137.9753225,0.8731,285.9726121,20.5565051,0.234759922,0.258,78.8,157.6,14.8655537900383
"190","1225",23.55910756,132.0451274,1.0929,381.2215797,20.6365804,0.26687451,0.267,105,210,10.2003480446554
"191","1236",80.25696041,145.109307,0.6695,534.4844105,16.6325216,0.204967334,0.214,147.2,294.5,8.76693503393017
"192","1240",19.67859691,123.8514017,0.4504,179.0850748,18.0895125,0.195021413,0.198,49.3,98.7,11.4958362142187
"193","1242",29.58115696,133.3338985,0.2367,127.4216267,15.2207486,0.142715694,0.167,35.1,70.2,9.84005264711003
"194","1252",132.5157222,132.8617022,0.5562,189.8691709,19.5094526,0.22048025,0.207,52.3,104.6,13.4565815938239
"195","1254",117.9524327,143.4020054,0.6671,211.3656279,21.631896,0.228936184,0.24,58.2,116.5,17.3188080418136
"196","1255",21.32107968,139.0732955,1.221,391.3833842,21.641538,0.254509223,0.263,107.8,215.6,4.35123207240064
"197","1271",60.45666564,128.9545693,0.3041,165.2307048,15.6003747,0.156480516,0.161,45.5,91,11.3031877085277
"198","1275",134.8221931,120.5819506,0.1981,109.4107951,15.7940487,0.130015058,0.13,30.1,60.3,5.82083499809952
"199","1296",120.4245624,142.6130577,1.7873,956.3157004,23.009657,0.318851844,0.324,263.5,526.9,15.5484291522204
"200","1302",100.9747243,190.086309,2.4202,1140.829224,22.0600488,0.388464215,0.383,314.3,628.6,6.35962187404554
"201","1303",102.230011,132.9721467,0.618,423.1822666,21.2627394,0.1909,0.213,116.6,233.2,13.4199411924211
"202","1312",122.4191503,167.9188312,0.4491,150.2786155,18.5010303,0.207111876,0.201,41.4,82.8,7.73897062199266
"203","1317",114.1012448,156.1513955,2.7481,1151.455004,21.272587,0.383699065,0.395,317.2,634.4,8.65730439701044
"204","1324",82.08573991,176.3800362,0.297,336.472805,13.9630952,0.1581,0.154,92.7,185.4,6.15067176964754
"205","1328",38.34419954,189.3801797,7.2629,2466.5276,20.6700384,0.634,0.675,679.5,1359,13.876584345952
"206","1339",58.18635258,125.0024409,0.3336,188.3290487,15.7320457,0.153018681,0.151,51.9,103.8,11.1073316144648
"207","1344",129.3141012,163.3850222,0.5296,449.3824553,16.0871849,0.1781,0.18,123.8,247.6,11.0648684926282
"208","1356",31.96572816,137.4117318,0.3112,217.6494497,17.9458618,0.164210681,0.163,60,119.9,9.93823716468516
"209","1359",58.47450085,120.4143739,0.3078,247.4678146,14.7539024,0.137196779,0.147,68.2,136.3,9.07020494291991
"210","1361",126.8799599,120.4570964,1.1203,413.2713375,23.4786834,0.214343592,0.239,113.9,227.7,6.58976728946597
"211","1364",29.08985864,108.9084357,0.5315,185.6833793,21.5916044,0.185641031,0.195,51.2,102.3,4.74905483693229
"212","1366",115.0027137,156.8687777,2.782,928.2693011,23.260276,0.418863954,0.434,255.7,511.5,8.49181442352899
"213","1370",138.1570198,111.7173344,0.7602,244.1157605,19.9672032,0.220904149,0.221,67.3,134.5,15.1779647526381
"214","1384",26.34221548,126.1208094,0.3433,261.5503184,13.8542247,0.166351983,0.167,72.1,144.1,8.95547289121683
"215","1391",119.889874,174.3799468,3.0769,1160.202432,22.4583483,0.466851174,0.474,319.6,639.2,9.80326203675262
"216","1393",13.51127683,119.5367942,0.5326,245.3086756,16.2869473,0.218216562,0.22,67.6,135.2,11.0939757392381
"217","1395",101.588047,131.1495058,0.6476,239.4125923,21.750547,0.206964281,0.215,66,131.9,18.1645571717442
"218","1399",109.4013149,195.4519819,0.7583,459.5079623,20.0527323,0.256391726,0.263,126.6,253.2,15.6636323732434
"219","1407",13.14097786,181.4119588,0.5116,355.4227085,14.5116606,0.22083839,0.2,97.9,195.8,9.04945674659556
"220","1412",119.2935072,115.0071587,0.7988,511.379566,15.8279314,0.237649367,0.241,140.9,281.8,9.86953374692487
"221","1417",73.22043584,160.0065288,0.2976,385.5722934,13.5771681,0.139437211,0.15,106.2,212.4,6.58871135247529
"222","1423",9.740080588,176.1534219,1.1746,794.9857693,18.96474068,0.316170493,0.28,219,438,11.4778899215688
"223","1427",134.8890702,165.7916377,0.3017,309.898884,14.7169665,0.137961074,0.138,85.4,170.7,9.95891343693214
"224","1428",49.35117385,188.1688171,4.8921,1944.986351,23.4542634,0.557874561,0.579,535.8,1071.6,17.9658499231226
"225","1448",2.795472777,191.9130763,0.791,570.2709331,17.2114998,0.248017969,0.243,157.1,314.2,11.0977693235794
"226","1466",103.8587951,149.6212466,0.2257,128.8510786,19.5195465,0.143350787,0.146,35.5,71,13.9069074013515
"227","1471",123.7940727,110.6066204,0.7896,351.4791901,15.4585713,0.2211,0.226,96.8,193.7,9.58084168901828
"228","1475",14.43688086,120.3581713,0.6968,272.5049902,17.9504638,0.218400553,0.224,75.1,150.1,13.9073208930247
"229","1476",6.991493439,159.1541656,1.5471,869.4954329,19.25576167,0.317154073,0.328,239.5,479.1,14.580086823469
"230","1482",125.5902384,153.7196768,0.373,166.159909,20.683159,0.187678936,0.18,45.8,91.5,11.3048905256715
"231","1484",122.6040949,165.143246,0.9403,336.6909307,20.0673398,0.303122931,0.313,92.8,185.5,12.8870488442339
"232","1495",118.8661839,102.6764825,0.7163,228.1580373,21.6437734,0.211492965,0.217,62.9,125.7,14.1923898799461
"233","1496",91.70827113,151.5615505,1.2364,467.6516108,19.3598032,0.309997735,0.319,128.8,257.7,9.44522533358672
"234","1505",30.88494383,103.3753116,0.2541,99.30667194,16.4601703,0.168304135,0.172,27.4,54.7,12.0130838247399
"235","1514",19.04015767,125.2063767,0.3915,169.8522643,17.858689,0.182837683,0.188,46.8,93.6,6.44458245832225
"236","1517",20.36078061,144.5895019,0.2301,142.2753718,14.70043206,0.149924598,0.147,39.2,78.4,10.1582023788465
"237","1520",61.76135419,138.1261844,0.171,47.68160539,16.0518927,0.134869674,0.145,13.1,26.3,10.2654985045559
"238","1535",20.33560624,197.6155799,3.6816,1694.451018,25.0320053,0.453408349,0.452,466.8,933.6,18.4295255143047
"239","1544",29.783769,193.4110993,0.3887,356.7490888,18.71341677,0.173759556,0.181,98.3,196.6,6.0866744924017
"240","1551",128.0734501,158.9899468,0.3185,261.2551354,14.2744748,0.197152928,0.177,72,143.9,8.90982236117192
"241","1567",51.7287429,181.8550576,3.853,742.8784285,20.8241054,0.599903748,0.535,204.7,409.3,17.6138176032599
"242","1575",66.11098907,172.3735682,0.2619,368.7137733,14.4062929,0.146899988,0.151,101.6,203.2,8.60949668442812
"243","1576",25.7317259,145.0171804,0.5261,529.2926193,14.698725,0.183993633,0.182,145.8,291.6,5.64756999100716
"244","1587",120.8047101,124.8064935,0.8554,361.9016626,22.44573,0.191899385,0.205,99.7,199.4,13.1033628047515
"245","1596",9.454420938,146.4291415,0.1813,122.1360403,9.3756666,0.1746,0.156,33.6,67.3,6.05263099525362
"246","1604",109.4203934,127.8833045,1.3238,355.4773037,25.250972,0.308281444,0.306,97.9,195.9,6.55840588667828
"247","1610",9.979085455,148.3587064,0.1981,194.4073059,10.8870281,0.12728257,0.132,53.6,107.1,5.37789783634407
"248","1623",110.3064101,160.139205,0.2993,141.8358608,17.7936115,0.166835241,0.179,39.1,78.1,9.85787629656303
"249","1625",29.32606355,182.7891482,0.3413,328.4940574,15.453379,0.143537848,0.152,90.5,181,8.05578609398996
"250","1661",60.38592765,120.9754431,0.08671,53.86362287,11.5760359,0.113232581,0.103,14.8,29.7,7.17151337673112
"251","1670",102.9670031,182.8670354,5.0673,2660.525306,20.4142224,0.525245049,0.527,732.9,1465.9,9.92038633576955
"252","1685",129.0399982,114.7568469,0.4728,406.0119702,15.2361324,0.181985187,0.174,111.9,223.7,6.48572241086163
"253","1708",18.86631523,126.6394076,0.4231,256.9035361,19.4030459,0.185322141,0.185,70.8,141.5,11.9536276479125
"254","1713",108.659387,189.5894539,0.08666,119.2992416,10.2751446,0.102924438,0.101,32.9,65.7,6.56619673865703
"255","1720",2.746709536,177.0547587,0.12032,171.9205079,10.6561278,0.111672315,0.109,47.4,94.7,3.75141435105357
"256","1730",45.60774192,178.4094863,0.3384,197.4277574,17.0268287,0.15574934,0.16,54.4,108.8,12.3065812959397
"257","1731",22.66352184,124.8570375,0.1762,102.8476229,14.1413206,0.144939097,0.142,28.3,56.7,11.1560253715641
"258","1747",118.1012004,106.2618078,1.556,457.4517654,21.2801528,0.342522983,0.353,126,252,15.5690822219992
"259","1750",92.98368888,153.6031703,1.3292,516.4366801,18.5290327,0.3289371,0.333,142.3,284.5,10.4933629441958
"260","1755",20.04781206,154.0201803,0.1316,166.4750178,8.1492624,0.141234477,0.137,45.9,91.7,4.8886328932973
"261","1757",39.28468822,109.5541348,0.2923,216.1322224,15.8891663,0.138517337,0.145,59.5,119.1,11.0708970107308
"262","1766",15.34824802,174.3985325,0.1149,142.3667519,10.3170302,0.125180808,0.126,39.2,78.4,6.48209560561637
"263","1768",113.9284625,120.8759073,0.3421,254.6013978,16.8283228,0.154944583,0.136,70.1,140.3,10.7662357125606
"264","1772",132.8878425,124.8874404,0.5192,248.5455313,16.8208256,0.151944773,0.169,68.5,136.9,5.60813144441013
"265","1776",117.9657033,185.1367036,2.5621,1434.98703,22.4325335,0.375498692,0.395,395.3,790.6,18.0350833112625
"266","1777",101.6024248,195.3421697,0.1664,131.0272413,15.5327065,0.127144049,0.128,36.1,72.2,9.35100613047086
"267","1778",32.06026041,135.9158633,0.2079,127.8857571,15.1106067,0.139211926,0.138,35.2,70.5,5.82438284694394
"268","1788",68.97507788,135.8157148,0.3508,244.0342605,17.1045985,0.1589,0.168,67.2,134.5,10.3731443258107
"269","1807",93.72974687,127.9581918,0.7389,361.2930659,22.428035,0.202515282,0.208,99.5,199.1,14.1416238914644
"270","1808",111.9683936,119.519879,0.9151,263.6841182,22.331709,0.253135477,0.255,72.6,145.3,14.1487420435745
"271","1811",30.24753923,177.5640466,0.0742,169.1071411,6.264397,0.05812,0.074,46.6,93.2,2.57068440094948
"272","1821",48.76420143,112.7414995,0.2609,186.4422409,12.8406923,0.141929338,0.143,51.4,102.7,4.51347320834083
"273","1824",97.19796834,152.8718469,0.4499,221.7601759,17.6911554,0.1975,0.209,61.1,122.2,12.6658669389558
"274","1826",91.73655324,193.1819896,2.0162,622.5616871,20.5575242,0.39976879,0.402,171.5,343,9.13533554927571
"275","1832",109.8905494,164.5085726,0.146,60.97440356,9.6853988,0.138545389,0.136,16.8,33.6,2.91724682904701
"276","1847",81.60950833,192.1016376,0.15,91.72380105,12.3184755,0.138212877,0.141,25.3,50.5,8.05905685935965
"277","1859",117.0731267,139.0707512,1.7343,597.0004946,23.096744,0.338436866,0.355,164.5,328.9,18.3624667573588
"278","1862",76.81317486,197.6859488,0.02951,53.67939226,7.331341,0.106565738,0.053,14.8,29.6,4.27106280887499
"279","1871",113.733332,188.7944093,0.4484,291.6831248,18.37433318,0.191157111,0.192,80.4,160.7,5.62808658657343
"280","1873",14.46348019,127.7122479,0.2451,195.4578741,14.78832775,0.146596336,0.148,53.8,107.7,9.02319337128352
"281","1877",135.3265994,100.6477163,0.5001,323.4148027,15.98639801,0.162778225,0.176,89.1,178.2,10.4136082036119
"282","1880",127.7279433,189.6881278,0.5996,366.9613708,18.36287595,0.226708267,0.226,101.1,202.2,8.82097151004092
"283","1892",30.9022718,104.2937321,0.1162,95.28839064,13.13037812,0.115923493,0.116,26.3,52.5,9.62233993767592
"284","1914",104.1365042,169.324573,0.1668,195.2870475,11.1137245,0.12775268,0.116,53.8,107.6,4.6499774252286
"285","1918",59.59666214,145.9973294,0.5892,310.6331584,19.2343741,0.198371154,0.195,85.6,171.2,11.6391627595111
"286","1920",110.8605837,165.8307476,0.3368,228.6600705,16.1451484,0.176733713,0.168,63,126,9.7258188393872
"287","1923",127.8634093,175.9106059,0.2519,170.2099785,15.5274745,0.15055491,0.159,46.9,93.8,11.0221631989452
"288","1926",20.68201349,141.9189923,0.4486,198.7517066,17.4219971,0.187104059,0.19,54.8,109.5,4.37978800700224
"289","1927",114.9554202,195.1679943,0.5479,233.6447255,18.87412082,0.218715129,0.206,64.4,128.7,8.80968505431147
"290","1928",28.77012423,170.1284459,0.475,398.9302087,15.94510042,0.1835,0.191,109.9,219.8,11.0828879286993
"291","1931",13.0264703,129.6107398,0.2598,149.4311982,14.98358445,0.154041051,0.159,41.2,82.3,10.8394825214348
"292","1948",81.04973776,184.7522086,0.2317,110.1007657,16.6538377,0.150360681,0.152,30.3,60.7,10.737449954428
"293","1968",9.387119698,147.4916575,0.1959,157.6953783,9.0958529,0.131322122,0.14,43.4,86.9,4.17706663397035
"294","1970",80.51181705,196.4335921,0.2974,110.1318156,19.39663534,0.165366789,0.163,30.3,60.7,12.9066972505277
"295","1972",122.2395757,196.2360699,0.6265,593.5986512,17.2838992,0.192508026,0.19,163.5,327.1,10.2795818413024
"296","1986",10.18101405,168.7054863,0.116,77.86755999,17.2744732,0.121404168,0.112,21.5,42.9,4.20640258975908
"297","1988",136.7978824,108.2507436,1.2951,611.7614817,16.6789439,0.290957479,0.3,168.5,337.1,12.0987478038254
"298","1997",35.86431474,139.7344798,0.0775,48.7157242,11.5858462,0.09496,0.1,13.4,26.8,6.88430523948423
"299","2002",30.01813858,122.2485437,0.06708,86.69935863,10.6553947,0.091351615,0.098,23.9,47.8,6.1823782903612
"300","2022",56.3756173,173.0703697,0.04974,93.10489141,9.1856287,0.112106119,0.076,25.6,51.3,6.10052880430076
"301","2033",75.103377,192.5050569,0.08425,97.01285429,11.7250178,0.100571301,0.102,26.7,53.5,7.75930183651532
"302","2040",133.484236,190.8557766,0.2805,363.685169,14.4232194,0.149004328,0.153,100.2,200.4,5.25805288098427
"303","2063",62.28352614,104.6704968,0.4569,410.4769824,18.306923,0.170787111,0.174,113.1,226.2,8.74588159552928
"304","2067",22.67740706,143.3205911,0.163,82.14248201,13.79559458,0.137455846,0.136,22.6,45.3,10.3571131054192
"305","2077",127.1447453,193.3968884,0.2005,164.0824847,11.5519472,0.141811865,0.141,45.2,90.4,6.11475121606472
"306","2086",8.357165018,141.2704979,0.1116,89.35838062,10.4417172,0.140487885,0.148,24.6,49.2,4.84166218043372
"307","2087",53.09753434,171.9714582,0.2437,220.3304546,15.215935,0.138749578,0.144,60.7,121.4,6.11594740760617
"308","2089",128.6660294,117.1227115,0.1519,104.6535681,15.8534727,0.120590484,0.12,28.8,57.7,7.49642590214274
"309","2091",46.30239784,180.5373439,0.1636,132.3808397,14.9990231,0.120851417,0.122,36.5,72.9,10.210336460132
"310","2115",30.58357472,194.6686796,0.2307,166.99184,14.4186539,0.16859829,0.16,46,92,9.57629322202388
"311","2117",20.54884688,125.1032982,0.1839,152.3650995,12.097306,0.126105844,0.131,42,83.9,6.41792235472945
"312","2130",29.54600609,113.0528157,0.1865,146.210066,14.248535,0.125275524,0.126,40.3,80.6,6.76228364325501
"313","2149",47.68657496,190.2066348,0.0572,84.78578316,8.518862,0.08398,0.085,23.4,46.7,6.58338453700463
"314","2160",58.77326446,104.1968572,0.331,191.1081432,18.1735344,0.162878079,0.161,52.6,105.3,7.55114558843381
"315","2172",68.86442566,174.9497781,0.222,318.8244178,13.6518893,0.108402489,0.113,87.8,175.7,7.45272531750165
"316","2176",42.12261558,179.1226685,0.06941,68.30200223,13.2773824,0.087300572,0.088,18.8,37.6,9.99046411727983
"317","2184",21.36307975,142.1742082,0.05703,40.44594791,9.134826,0.106127129,0.098,11.1,22.3,5.91113772320949
"318","2193",94.73254426,166.3143702,0.04037,80.99352662,4.868401,0.06279,0.064,22.3,44.6,2.15530901746581
"319","2215",79.55946535,192.3011185,0.03397,43.02977053,7.677957,0.081719056,0.079,11.9,23.7,4.05754598889949
"320","2225",119.0271878,156.8305349,0.2629,160.0792915,14.605717,0.155926444,0.156,44.1,88.2,7.78849819649996
"321","2227",127.1437637,104.130262,0.5649,282.8469951,14.7508579,0.195219564,0.201,77.9,155.8,11.3240279987297
"322","2232",55.63828447,189.6941509,0.03184,79.75953032,8.604319,0.077765261,0.061,22,43.9,5.17013144546844
"323","2237",12.24280072,134.352854,0.2819,135.2145887,14.305772,0.177710724,0.169,37.2,74.5,3.60130427797985
"324","2240",52.3587139,185.413417,0.0572,94.94838867,9.269501,0.073455254,0.073,26.2,52.3,3.70816126394242
"325","2262",57.22278786,121.1171337,0.4118,218.643116,17.6259165,0.167973412,0.161,60.2,120.5,11.6083995420789
"326","2283",20.41304097,191.8760861,0.124,119.6552484,11.2465643,0.111279635,0.096,33,65.9,6.95379255824771
"327","2284",22.4377383,112.1975527,0.3162,208.7927043,14.1922394,0.15391322,0.156,57.5,115,9.37497468570437
"328","2290",139.1877796,144.4286999,0.3326,463.5050721,13.2023783,0.151492298,0.144,127.7,255.4,7.23164523125494
"329","2293",22.22269094,145.6321102,0.1546,197.8881999,12.5968358,0.11089,0.115,54.5,109,5.62289038119458
"330","2308",87.33242566,168.1274354,0.01858,24.34459736,9.1322507,0.05947,0.055,6.7,13.4,4.74125634840546
"331","2312",69.8177654,172.7250365,0.3642,544.1905591,10.834122,0.10277,0.121,149.9,299.8,4.73625193489575
"332","2317",138.8643805,139.6803981,0.2371,253.025085,15.2697225,0.112269606,0.113,69.7,139.4,6.56678778428333
"333","2323",128.0700585,194.7909939,0.05819,87.32578657,11.565903,0.08331813,0.076,24.1,48.1,6.64105671733179
"334","2350",85.7586812,132.8133217,0.1996,233.5990932,10.8080425,0.125016191,0.136,64.4,128.7,7.76719582689402
"335","2351",74.73656893,161.9580094,0.1814,299.8399441,13.3424455,0.118065187,0.121,82.6,165.2,6.70761691152342
"336","2366",13.57082982,123.4281694,0.04654,19.35471318,8.3393563,0.102549815,0.103,5.3,10.7,3.08213672657553
"337","8010",111.6809361,117.1601803,0.2954,273.5657761,15.0771579,0.1275,NA,75.4,150.7,8.68985543378309
"338","8011",111.7113942,111.7178764,0.1821,166.8103073,10.207344,0.1189,0.128,46,91.9,5.64732652119683
"339","8013",111.5961665,104.8741898,0.1809,128.5643209,13.8944773,0.128770188,0.125,35.4,70.8,10.7997070128963
"340","8014",125.0786144,112.0956062,0.3783,218.6010565,16.093136,0.155567722,0.153,60.2,120.4,10.4676176010051
"341","8015",127.7801134,109.6008341,0.04609,74.98573339,5.1444959,0.06585,0.062,20.7,41.3,1.89285876448706
"342","8016",129.8353413,111.2430158,0.0936,194.9759506,6.9448776,0.080681475,0.072,53.7,107.4,4.59225859592795
"343","8018",93.66278339,197.5789019,0.06061,94.35922683,9.8243426,0.10049,0.09,26,52,5.61672666933957
"344","8019",94.53387928,192.3863654,0.9405,477.5433966,21.9222305,0.274555253,0.273,131.6,263.1,15.1966449106033
"345","8020",122.9876211,196.4059673,0.03627,76.45470183,6.613711,0.065124994,0.054,21.1,42.1,3.05587564169076
"346","8021",131.3658623,193.9461716,0.05221,93.17317447,10.3177803,0.082829659,0.074,25.7,51.3,2.10950564310916
"347","8022",128.5245429,198.7521522,0.2256,414.098724,8.24509,0.11237,0.111,114.1,228.2,3.55290671695586
"348","8023",119.4928467,189.6589601,0.04893,91.25428775,8.0778359,0.06779,0.064,25.1,50.3,3.18880073871484
"349","8024",115.3392795,185.6754229,0.0588,80.9216993,10.726576,0.08147,0.076,22.3,44.6,5.48556344829026
"350","8027",131.3865828,120.3572569,0.9225,362.6411313,22.801548,0.245631831,0.255,99.9,199.8,6.27311652318203
"351","8030",52.22808811,107.280027,0.02128,31.57292481,3.1141066,0.072853089,0.065,8.7,17.4,0.784130087613309
"352","8031",56.01934969,118.1634092,0.07891,110.8248133,9.41661739,0.08831,0.087,30.5,61.1,3.5262722951667
"353","8033",67.83736291,126.5099828,0.02874,8.748062912,8.0498689,0.08177835,NA,2.4,4.8,4.62133240708223
"354","8035",42.96947659,138.6048355,0.0951,81.944792,12.37170827,0.106101631,0.104,22.6,45.1,7.67186283693805
"355","8040",101.2643985,103.8496182,0.1541,40.56233449,7.7916694,0.16256263,0.165,11.2,22.3,3.67421282059564
"356","8042",101.7928041,101.6782008,0.03135,58.33790579,8.1721473,0.076331144,0.065,16.1,32.1,4.97423416351475
"357","8043",102.4754801,105.8481708,0.11485,145.6344133,11.3834644,0.097941263,0.093,40.1,80.2,6.18555844686306
"358","8054",122.813961,103.7705127,0.011731,20.38301532,4.7897902,0.04618,NA,5.6,11.2,1.29037074603092
"359","8055",121.494835,104.1055711,0.01156,14.23648386,6.5494697,0.05855071,0.05,3.9,7.8,4.65347267408139
"360","8056",117.9362882,105.5097337,0.0591,115.912053,5.4141412,0.05738,0.099,31.9,63.9,2.56065781980789
"361","8058",136.9360712,121.8203919,0.2113,136.8061918,16.0067306,0.126712812,0.128,37.7,75.4,7.16862772534646
"362","8059",138.6596594,115.1292472,0.4055,284.9894558,16.5430428,0.161304855,0.135,78.5,157,9.55619771548163
"363","8060",138.5910528,111.3678617,0.08624,159.6157772,6.3395479,0.07087,0.071,44,87.9,2.5943788556609
"364","8065",97.14048207,121.2683018,0.0198,40.04189037,6.3810441,0.038664905,0.044,11,22.1,2.30850234791253
"365","8066",93.33202379,127.1051969,0.1784,250.0705444,10.5627282,0.09441635,0.114,68.9,137.8,5.83310581558418
"366","8067",93.82842828,126.911399,0.1108,149.6314291,9.3442359,0.066092634,0.08,41.2,82.4,3.23385129730949
"367","8070",95.00729271,121.939466,0.06443,191.4506195,5.7205383,0.060519873,0.07,52.7,105.5,2.3861208361969
"368","8072",61.19223648,127.9538219,0.1167,120.6020679,13.1295763,0.090408537,0.102,33.2,66.4,8.5274756086123
"369","8073",60.72774025,129.590391,0.06342,61.79893246,6.5525963,0.10099,0.098,17,34,4.09865826821066
"370","8074",82.32826923,139.7936049,0.4569,326.6231699,15.7062556,0.209759566,0.172,90,180,11.1391145411622
"371","8082",59.80274718,135.0631696,0.1573,323.7308328,7.5521692,0.08607,0.091,89.2,178.4,5.06475587017266
"372","8083",62.24325076,139.0730165,0.08437,139.4879337,7.9376125,0.082634817,0.075,38.4,76.9,4.00954363356577
"373","8084",63.0890468,146.5910911,0.1956,388.5273374,7.4094174,0.10102,0.125,107,214.1,3.62202972606927
"374","8089",43.74394194,183.3092695,0.01943,11.12891533,6.572969,0.06793,NA,3.1,6.1,3.55730840412915
"375","8096",55.4360201,195.6841316,0.008243,16.60148154,5.467612,0.041067246,0.037,4.6,9.1,3.39526313637037
"376","8097",52.5950676,189.790586,0.01227,35.86795595,4.787471,0.045727881,NA,9.9,19.8,1.51846196118453
"377","8098",52.05030184,187.6760332,0.009264,16.58571751,6.720828,0.053925217,0.04,4.6,9.1,0.535088413514731
"378","8102",53.29354475,194.0291744,0.06236,113.7883384,7.632095,0.07406,0.075,31.3,62.7,4.20945216334177
"379","8103",51.70286914,194.8965601,0.0631,147.7865219,4.504329,0.0695,0.065,40.7,81.4,1.56949373659632
"380","8108",113.0198252,186.1997604,0.0491,113.4065516,7.8511811,0.06043,0.064,31.2,62.5,4.30430110244171
"381","8109",114.2730068,193.2837467,0.08598,168.0632181,8.239736,0.0694,0.071,46.3,92.6,4.08141640532227
"382","8110",112.8043945,195.8724331,0.09085,138.5872207,6.680218,0.08638,0.081,38.2,76.4,3.26165611090774
"383","8111",109.3995107,192.4547678,0.02443,55.0470009,5.205582,0.05508,0.052,15.2,30.3,2.95873904340148
"384","8112",102.5819548,196.039501,0.006852,11.2757451,4.732647,0.070788804,NA,3.1,6.2,3.45358020564624
"385","8117",81.98607544,193.9870521,0.1096,133.450043,12.8905299,0.107003138,0.103,36.8,73.5,6.57382885650009
"386","8126",88.36708405,182.8488219,0.3524,148.9918614,15.9506226,0.196855857,0.195,41,82.1,11.0971336935848
"387","8127",87.34329366,185.3720814,0.04184,81.34781078,7.370292,0.066761459,0.062,22.4,44.8,2.3146179221365
"388","8128",82.53539701,183.8165044,0.011225,21.95614571,3.855762,0.04472,0.039,6,12.1,1.19695374205406
"389","8129",60.30677821,186.727289,0.3684,267.5455546,9.595298,0.1835,0.192,73.7,147.4,4.48947606104855
"390","8131",58.76643797,174.4482943,0.1123,235.1767686,6.368258,0.07137,0.074,64.8,129.6,2.7208463834948
"391","8132",62.23683793,176.4547937,0.2381,347.7533299,11.229788,0.096185813,0.092,95.8,191.6,5.15582037058991
"392","8139",67.02690228,180.3385998,0.2048,257.451366,10.3909054,0.127926712,0.125,70.9,141.8,6.88899944701302
"393","8140",74.5957769,161.465462,0.04043,79.66892105,8.0064643,0.062693576,0.062,21.9,43.9,4.15384388238405
"394","8142",74.17258729,160.2665526,0.0742,135.0319761,6.3919361,0.08148,0.081,37.2,74.4,4.08299679702388
"395","8146",137.6221642,125.267408,0.04281,80.96650622,9.4881954,0.061818028,0.064,22.3,44.6,2.48108413461019
"396","8150",87.80993507,167.8720783,0.06063,69.51255997,9.7455839,0.098753531,0.078,19.1,38.3,6.60905181544534
"397","8153",89.26475449,163.0088431,0.04642,81.07959982,7.2745225,0.06127,NA,22.3,44.7,3.89870690872262
"398","8154",89.22770857,159.9837675,0.02064,54.48810854,6.0932062,0.044072823,NA,15,30,1.41205497048478
"399","8156",95.05313692,157.9587159,0.04081,59.32319074,8.5409031,0.07762,NA,16.3,32.7,4.11100833965991
"400","8157",97.18336898,158.3213646,0.10838,82.93006069,10.94648774,0.1322,NA,22.8,45.7,8.25953796998138
"401","8158",96.72873716,156.0438631,0.0112,9.652118662,6.6112566,0.113971322,NA,2.7,5.3,3.0513880033305
"402","8162",102.2796153,141.2379049,0.6924,221.2962775,23.281557,0.20659919,0.209,61,121.9,18.2490100794956
"403","8164",103.8632777,147.000556,0.09268,72.44556023,12.1852569,0.091846382,0.084,20,39.9,8.93698371217356
"404","8165",109.1793943,145.5577272,0.05483,76.54587844,9.77719593,0.07319,NA,21.1,42.2,4.2769896505213
"405","8167",103.486335,148.5385198,0.011243,17.54907253,6.3956909,0.04899,0.042,4.8,9.7,3.63986524876722
"406","8168",103.8245878,150.2346607,0.01282,19.77776484,5.8324061,0.044945944,0.038,5.4,10.9,1.93087082457289
"407","8170",105.9957432,150.0632408,0.03413,49.6225901,9.37956433,0.05489,NA,13.7,27.3,4.09856657405504
"408","8174",109.6488645,160.7114938,0.04335,94.21768313,4.6537795,0.06302,0.061,26,51.9,2.89674651448076
"409","8177",100.8460105,135.5518369,0.060266,130.5022184,5.9192491,0.06422,0.066,36,71.9,2.73364927452328
"410","8178",137.1125789,178.0763232,0.1479,142.9932872,10.9641606,0.1297,0.112,39.4,78.8,7.04057834629447
"411","8179",134.8838303,168.5825069,0.009884,13.38343076,2.952845,0.04277,0.029,3.7,7.4,0.515533268170429
"412","8180",133.360719,167.8101113,0.03455,50.10836289,6.7165192,0.06189,0.054,13.8,27.6,4.27548427017472
"413","8182",129.4634386,174.0092284,0.03804,69.42222649,8.3919337,0.06011,0.061,19.1,38.2,4.46828433278
"414","8190",131.1408747,166.1844739,0.203,126.6827215,13.39478378,0.158962725,0.148,34.9,69.8,9.17724244756845
"415","8191",132.197884,165.6116341,0.03234,32.87405144,7.637842,0.070733354,NA,9.1,18.1,4.13426312961214
"416","8193",112.5788213,169.236767,0.2554,294.7174248,11.1508673,0.110997402,NA,81.2,162.4,5.19867008194074
"417","8198",117.7655349,152.3976199,0.9897,378.4318891,22.920618,0.271582959,0.277,104.3,208.5,17.8483838652637
"418","8201",131.433539,153.680858,0.1605,196.7728403,11.74302278,0.095885611,0.105,54.2,108.4,7.89070007427599
"419","8203",139.8805571,145.3654788,0.0172,22.25709185,8.08428188,0.055948203,0.054,6.1,12.3,5.65963687352365
"420","8204",138.9743726,142.4196114,0.3945,509.9741566,10.6820107,0.1146,0.112,140.5,281,6.13158436655716
"421","8206",117.6708718,135.2886951,0.1819,331.4734661,7.4703179,0.10621211,0.093,91.3,182.6,3.51000410616618
"422","8207",127.3028259,123.885554,0.2378,244.5477385,10.9084978,0.1028,0.114,67.4,134.7,6.05387539381627
"423","8208",122.1142741,126.4260337,0.08923,103.7975598,9.3656245,0.08547,0.087,28.6,57.2,6.1257680119977
"424","8209",121.8292402,133.7634942,0.009032,24.67692951,6.2368345,0.038401049,0.043,6.8,13.6,3.66850017417872
"425","8210",119.2836227,134.2108341,0.011549,15.78785148,3.9826184,0.04378,0.046,4.3,8.7,1.47366948559189
"426","8211",119.5003821,131.1305085,0.007502,13.43909192,4.1322127,0.04242,0.044,3.7,7.4,1.46532771668355
"427","8212",126.3185449,128.6120156,0.04634,94.99181997,5.3595853,0.05318,NA,26.2,52.3,2.61057262433261
"428","8215",131.4575764,135.3226938,0.008451,16.105987,2.1721201,0.04675,NA,4.4,8.9,0.580583924632031
"429","8216",133.0613069,136.7048599,0.01801,44.36088762,5.5856607,0.04831914,NA,12.2,24.4,1.24532846801966
"430","8217",132.758471,139.1008163,0.01289,22.64317779,4.9664433,0.091197421,NA,6.2,12.5,1.59166271534825
"431","8218",137.6007891,135.9482387,0.03794,63.26701287,8.0172555,0.05583,0.059,17.4,34.9,4.83898866059084
"432","8219",132.2285204,142.546234,0.671,467.0665303,20.7583458,0.194392669,0.205,128.7,257.3,14.2943820475484
"433","8221",134.2075674,137.9272087,0.02754,46.267238,4.8013733,0.05733,NA,12.7,25.5,2.1314010754545
"434","8223",105.1352254,146.7296966,0.01273,17.5669856,5.963242,0.05089,0.071,4.8,9.7,2.953317642797
"435","8224",127.5793812,122.6558691,0.5523,251.7846448,22.6205494,0.185885953,0.191,69.4,138.7,16.1578637740114
"436","8300",0.343996171,106.3654288,0.09586,159.4508477,6.671713,0.06707,NA,43.9,87.9,2.84920812796309
"437","8303",2.408086999,105.0003228,0.1193,124.8599118,13.7848353,0.111718699,0.107,34.4,68.8,9.12556158601185
"438","8304",2.244708861,103.8795978,0.121,110.3035594,12.8248502,0.130414742,0.116,30.4,60.8,8.07830546221684
"439","8306",16.68775389,109.462617,0.04735,22.59318688,12.1037005,0.0761,NA,6.2,12.4,2.7432999252506
"440","8308",17.40830092,107.6373019,0.01318,9.656976975,3.25078,0.06528,NA,2.7,5.3,0.259684209401701
"441","8309",18.36984737,106.920473,0.1656,156.4586237,10.4211041,0.164313626,NA,43.1,86.2,6.53919123908229
"442","8312",38.45080451,102.5008863,0.04028,46.55101972,8.510737,0.072006733,0.072,12.8,25.6,5.09411217182449
"443","8313",38.89733504,102.8698563,0.10567,94.90140054,7.8773277,0.11123367,0.115,26.1,52.3,3.76628500614605
"444","8317",4.784016442,117.0246106,0.03814,68.69554125,9.1923373,0.056522914,0.057,18.9,37.8,6.67581540285733
"445","8319",14.48632549,119.0238131,0.08929,63.16549101,12.1884749,0.117145575,NA,17.4,34.8,8.01868257022326
"446","8320",13.87406542,123.6996754,0.02328,10.88934566,5.9340814,0.098016737,0.094,3,6,4.74898347729296
"447","8321",11.96744921,128.604672,0.06983,94.95257447,8.6729158,0.120963231,0.108,26.2,52.3,4.14057652714961
"448","8322",14.36570269,123.2477003,0.03028,30.74795653,8.4970337,0.067519318,0.071,8.5,16.9,4.84984295254141
"449","8323",14.58865769,123.0291761,0.06635,52.85883043,11.1053468,0.092212799,0.089,14.6,29.1,7.24219838434849
"450","8324",15.07211248,119.1971717,0.10114,57.16747127,11.7233544,0.11481981,NA,15.7,31.5,7.18722872928471
"451","8325",29.79169193,113.9578091,0.07779,165.4280892,8.2704577,0.066665693,0.064,45.6,91.1,3.05965010688398
"452","8326",29.58427634,122.0072836,0.04616,76.81712427,7.2188407,0.083263811,0.072,21.2,42.3,4.32133924458149
"453","8327",35.38023753,126.6645096,0.08476,149.156744,7.773475,0.070695912,0.073,41.1,82.2,5.17353996790002
"454","8329",35.80872924,114.8823015,0.00856,11.05534584,4.5416524,0.04639,NA,3,6.1,1.53047482633685
"455","8330",36.11976443,115.4634407,0.08086,161.5892382,7.2960023,0.07536274,0.076,44.5,89,2.43612357766886
"456","8331",35.82385723,115.5807728,0.05489,112.2729049,5.78054,0.079049175,0.08,30.9,61.9,2.03404814312003
"457","8332",35.7290142,116.5392951,0.03546,95.1774192,7.0193576,0.04901,NA,26.2,52.4,4.61949826845774
"458","8334",25.20118584,126.8775415,0.06127,52.03418455,8.5756012,0.08687,NA,14.3,28.7,5.52739513300271
"459","8335",23.06818547,128.9496117,0.2373,133.1479705,8.4224339,0.158799695,0.157,36.7,73.4,1.76921422703055
"460","8336",22.53574071,123.1784435,0.09472,131.1509299,7.3852693,0.08591,NA,36.1,72.3,3.46628934192746
"461","8337",22.76569183,123.880623,0.01482,30.63326931,4.5004424,0.040078173,NA,8.4,16.9,0.870328316620189
"462","8338",22.05398352,128.8524247,0.009589,11.29451148,4.1078772,0.031357846,NA,3.1,6.2,0.649881165136883
"463","8339",21.61619992,128.640268,0.2128,338.4046255,8.9124479,0.112373364,0.106,93.2,186.5,3.60400189281135
"464","8340",21.0936914,129.1074389,0.05503,148.0986401,4.9442455,0.05962,NA,40.8,81.6,1.91923373247341
"465","8341",21.61421441,127.945083,0.012163,36.43121518,4.0277251,0.053952994,NA,10,20.1,1.44837382675963
"466","8343",0.026496735,132.011717,0.3368,170.2938368,17.4980485,0.164937007,NA,46.9,93.8,7.46674089866804
"467","8344",4.159045339,131.2607619,0.246,277.7493065,7.904768,0.180888995,0.268,76.5,153,3.98934547953667
"468","8345",6.528313966,138.4545481,0.04104,57.50130172,4.426572,0.07941,NA,15.8,31.7,2.2571206266254
"469","8347",14.80833672,131.8067016,0.05799,88.51026868,10.0432203,0.087096226,0.094,24.4,48.8,5.69756688370231
"470","8351",27.6798825,132.2471393,0.02455,48.73965119,3.5510868,0.076119331,NA,13.4,26.9,1.15930058825933
"471","8352",27.47256349,130.8631314,0.2096,169.0397082,11.5010567,0.12,NA,46.6,93.1,6.66914005827518
"472","8353",26.70477974,130.0494064,0.02891,70.42109356,6.1842932,0.056422109,NA,19.4,38.8,2.24974551456621
"473","8354",25.29521526,133.7558624,0.204,190.834236,12.19715131,0.138481716,0.135,52.6,105.1,7.40262071535278
"474","8356",35.73877803,140.3409978,0.2314,115.0884575,15.709027,0.1597,0.16,31.7,63.4,11.4332188196905
"475","8358",34.11607467,140.8331712,0.16,117.4337538,11.4223538,0.12301,0.137,32.4,64.7,7.25396054047345
"476","8361",12.97588564,147.6794536,0.5583,381.113376,10.1673577,0.2714,NA,105,210,4.68499996174934
"477","8364",28.83967478,149.484064,0.2849,593.7332034,11.330707,0.1106,NA,163.6,327.1,5.59864961328465
"478","8365",25.671137,145.6534483,0.03663,94.34393835,7.5260187,0.065701931,NA,26,52,3.88070117906784
"479","8366",23.14474416,145.5985794,0.03919,132.3304194,4.6379474,0.04753,NA,36.5,72.9,1.65878942671622
"480","8367",25.0223032,143.8005403,0.09334,96.96434498,10.8824597,0.103076074,NA,26.7,53.4,6.46771848025336
"481","8368",16.68534338,145.4708414,0.06101,170.864593,4.03908,0.05647,NA,47.1,94.1,1.55309287846567
"482","8369",19.54772091,145.7379533,0.02271,70.50246444,4.817673,0.04303,NA,19.4,38.8,1.67827731420838
"483","8370",22.26785745,141.4766041,0.0337,27.05421446,7.7981,0.07869,NA,7.5,14.9,5.22952649564276
"484","8371",18.36185638,137.3343248,0.221,276.3915788,9.7094189,0.117977847,0.118,76.1,152.3,3.1316365793566
"485","8373",0.380454951,165.6856789,0.1324,300.9850905,8.950477,0.098742347,0.092,82.9,165.8,4.19947878505693
"486","8374",0.385237002,166.4439255,0.05363,102.0892784,6.677582,0.06737,0.078,28.1,56.2,2.05280541128824
"487","8380",6.84379472,168.4068484,0.09304,180.4672627,7.747817,0.07221603,0.081,49.7,99.4,4.11149112345749
"488","8381",6.500802136,168.9021847,0.1938,397.9754809,9.5969259,0.096433384,0.08,109.6,219.3,5.44167706907504
"489","8382",6.778775203,160.0188164,0.09027,165.0810308,7.398307,0.098877224,0.097,45.5,91,2.57317080325208
"490","8384",14.49269789,165.8564454,0.4234,670.7626267,10.5752128,0.130051637,NA,184.8,369.6,4.53584672429865
"491","8385",14.09047318,166.1439125,0.1679,287.4960839,9.7502656,0.10252852,NA,79.2,158.4,2.56266812657694
"492","8386",15.74422156,163.6541495,0.03248,71.78657818,4.788038,0.071859035,NA,19.8,39.6,1.28890229029801
"493","8387",11.38625919,163.7122443,0.06844,115.2955283,8.8677929,0.093386267,NA,31.8,63.5,3.28923000251913
"494","8388",21.80145371,168.9080925,0.2693,628.1082443,10.3770344,0.1063,NA,173,346.1,5.92568571345775
"495","8389",18.81436411,165.9059827,0.2714,548.0789794,7.454275,0.1112,NA,151,302,3.00033838369834
"496","8391",22.56054078,154.1098163,0.02893,77.51752934,4.9039,0.04584,NA,21.4,42.7,2.17303591094551
"497","8393",23.42472472,149.4459956,0.01542,40.83247092,6.2274617,0.052289097,NA,11.2,22.5,2.02002031860752
"498","8394",29.27500912,156.7250397,0.1422,301.8922686,8.9366653,0.101058614,NA,83.2,166.3,2.96804560287323
"499","8395",31.42428829,155.9405188,0.03747,65.23016757,6.7270579,0.069615222,NA,18,35.9,2.30764457347763
"500","8396",24.6128308,151.8073457,0.2208,449.5631978,9.4870425,0.114179582,NA,123.8,247.7,3.92830420708323
"501","8397",32.24296174,150.9645217,0.02603,54.26766448,8.3207745,0.05492,NA,15,29.9,5.59827946208148
"502","8399",23.2245099,165.4886681,9.685,1967.620288,19.0111496,0.948,0.908,542.1,1084.1,14.1055780918877
"503","8402",3.274010898,189.6537634,0.1389,118.1362476,12.7129252,0.141,0.137,32.5,65.1,7.89318888682324
"504","8404",21.23110891,189.6595856,0.010687,34.68870341,2.949119,0.044909188,0.055,9.6,19.1,1.89283394485677
"505","8407",14.06401187,184.762933,0.10514,140.4906195,11.8155165,0.09016248,NA,38.7,77.4,3.84671467441443
"506","8408",15.43179792,176.8892233,0.03023,45.67348337,8.220757,0.054052165,0.055,12.6,25.2,2.29979883415492
"507","8409",16.74194619,193.0512738,0.08836,59.28464445,13.160486,0.101514138,0.108,16.3,32.7,7.16110997420561
"508","8410",14.20152289,191.4036669,0.02055,24.48928994,11.6745364,0.056006729,0.056,6.7,13.5,5.62034531897832
"509","8414",29.97686277,191.9086435,0.06047,77.04912987,8.364865,0.101997535,0.099,21.2,42.5,4.80247179157884
"510","8415",38.35074965,182.0518969,0.014066,35.83052684,2.669244,0.04465,NA,9.9,19.7,0.72956592115101
"511","8416",20.93058288,182.4465686,0.02806,30.1653998,10.790198,0.071560303,0.068,8.3,16.6,4.20441668618981
"512","8417",20.58961041,182.827515,0.02259,36.85609048,7.470939,0.062770953,0.058,10.2,20.3,4.39932424764665
"513","8418",21.47914802,184.0321704,0.009625,16.01084452,4.585342,0.04446,0.049,4.4,8.8,1.70819853824294
"514","8420",18.92653022,180.2483349,0.055,74.96086187,11.5622614,0.088618545,0.093,20.7,41.3,2.50052088950224
"515","8423",25.88689926,179.9895518,0.02861,84.21708836,4.989411,0.05,NA,23.2,46.4,2.69698197381147
"516","8425",25.7386802,175.1397778,0.02618,78.65414002,4.519841,0.04928,NA,21.7,43.3,1.86968956623432
"517","8426",24.41964543,172.7461813,0.06192,131.2564232,9.3660944,0.076200665,NA,36.2,72.3,4.22575860709475
"518","8427",25.71051411,172.9055641,0.0128,34.86636061,3.201397,0.05617815,NA,9.6,19.2,0.607378439012263
"519","8428",26.11035831,172.2904345,0.05009,109.4481166,9.3481349,0.075377276,NA,30.2,60.3,3.65758189631043
"520","8429",28.65707732,174.8060628,0.03185,74.11120239,6.398015,0.06322,NA,20.4,40.8,4.33574350161536
"521","8430",31.64355284,171.0794924,0.11203,244.482231,4.675439,0.08264,NA,67.4,134.7,1.73125855456059
"522","8431",36.40467446,176.2751847,0.010711,35.02371549,4.207789,0.037828597,0.04,9.6,19.3,1.34744308646566
"523","8432",36.25840615,179.02648,0.05544,88.61697682,9.1897104,0.079372564,NA,24.4,48.8,3.29370289658546
"524","8433",35.76881452,179.2468994,0.01829,46.55896756,5.961549,0.0501056,NA,12.8,25.7,2.41624508646923
"525","8434",36.33386403,179.5647825,0.010406,15.55275417,5.997722,0.046057995,NA,4.3,8.6,2.22519164655635
"526","8435",33.71977631,179.8076864,0.010239,21.21428591,5.690241,0.060462436,0.05,5.8,11.7,0.66140975234854
"527","8436",37.17630263,182.8691003,0.01551,46.85970188,3.478239,0.04734,NA,12.9,25.8,1.22581589171218
"528","8500",75.78661295,191.7093139,0.3783,211.3235506,17.445921,0.182284539,0.181,58.2,116.4,13.4935033760135
"529","9082",39.56497262,102.3761297,0.04684,39.84066487,7.0419679,0.086506088,0.087,11,22,2.64588465201826
"530","9084",27.08231431,109.0995554,0.6944,229.2087989,19.6068015,0.258705996,0.257,63.1,126.3,3.18267347990622
"531","9085",21.16258361,107.1179321,0.1288,99.03755526,12.6822504,0.111719409,0.116,27.3,54.6,1.50674191470279
"532","9086",21.87843823,109.8586212,0.03133,34.71777146,8.263601,0.077449114,0.079,9.6,19.1,4.06153599448485
"533","9088",59.5322145,114.1100361,0.2595,280.8487495,13.9135555,0.127297582,0.133,77.4,154.7,8.02202902051758
"534","9091",71.24546192,156.9171975,0.06005,84.69238784,10.2690692,0.075770871,0.079,23.3,46.7,4.96054896207215
"535","9093",41.03768375,152.6540804,0.07943,95.14174948,10.6491943,0.100861338,0.102,26.2,52.4,6.7394536621433
"536","9095",48.28501946,159.3317306,0.05987,84.88953309,8.4819268,0.094900658,0.089,23.4,46.8,5.78534135979687
"537","9096",34.61370337,149.2526648,0.2559,359.2552714,14.45156287,0.137708496,0.148,99,197.9,5.34288464773909
"538","9098",13.4803858,167.6295751,0.3918,326.4040166,17.3854196,0.17169807,0.181,89.9,179.8,8.57377213417806
"539","9106",43.31148138,193.6860525,0.07688,85.83292491,9.412258,0.10429063,0.103,23.6,47.3,6.02577047402967
"540","9109",35.21889604,177.0972879,0.5747,742.8540425,12.7418776,0.183251528,0.19,204.6,409.3,7.29017657276164
"541","9111",5.147061857,173.0828901,0.4959,675.2372717,10.2228166,0.239047008,0.256,186,372,5.97413667352913
"542","9112",5.361929379,183.5429524,0.2218,378.0199567,9.807473,0.132427647,0.136,104.1,208.3,5.51104731379456
"543","9228",125.5802156,119.5384794,0.3872,271.9154151,15.4646864,0.152898475,0.162,74.9,149.8,8.86992347596802
"544","9230",118.558873,157.6513616,1.9397,747.0191674,22.741624,0.33770151,0.339,205.8,411.6,17.0821528025836
"545","9231",121.5857943,157.9260449,0.5809,187.8219121,22.208856,0.213792869,0.212,51.7,103.5,8.63209294957658
"546","9232",117.4226705,193.1160636,0.1977,261.4247084,13.11721,0.132652212,0.12,72,144,7.00199329655244
"547","1009a",110.5073943,112.8022146,0.8123,280.8316156,21.475205,0.217314186,0.227,77.4,154.7,12.495510146307
"548","1009b",110.8844669,112.7866266,0.9979,416.6246162,20.789095,0.234783383,0.245,114.8,229.5,13.8229908880025
"549","1035a",22.49969873,142.5407777,0.8723,309.3829495,20.4295526,0.23760258,0.257,85.2,170.5,13.1791794136191
"550","1035b",22.09481216,142.6242516,0.07168,31.31271644,10.9281385,0.113746416,0.109,8.6,17.3,7.63495733538388
"551","1075a",48.27149992,135.8374123,1.3399,406.2091661,20.2828512,0.294451982,0.299,111.9,223.8,6.74560766416808
"552","1075b",48.96312589,136.1722569,0.7067,265.2278456,19.6031738,0.219259574,0.219,73.1,146.1,11.972424467922
"553","1195a",55.48999536,136.0686684,0.7938,314.251747,19.8121176,0.244232601,0.266,86.6,173.1,14.9219078794907
"554","1195b",54.87703078,136.1994651,0.03582,13.59570012,6.8171956,0.092,0.098,3.7,7.5,2.54329827499648
"555","1195c",56.18856642,136.502741,0.10321,47.62432378,12.77498544,0.116306646,0.125,13.1,26.2,8.31216825763389
"556","1210a",37.60309804,144.0645549,1.1465,518.9511306,20.1815916,0.273446849,0.286,143,285.9,14.725247877436
"557","1210b",37.16721383,144.3114936,0.9728,434.1491854,20.0515674,0.270536025,0.277,119.6,239.2,7.45707169910128
"558","122a",21.95588218,118.9667238,1.4541,580.7638045,19.2249264,0.295529492,0.291,160,320,14.0265741611453
"559","122b",21.65086129,118.6617202,0.8796,260.4677002,17.4646144,0.27556827,0.264,71.8,143.5,4.11821255440225
"560","122c",21.36516634,119.0191699,0.2372,126.3290455,12.9685435,0.163494101,0.161,34.8,69.6,7.56075966783634
"561","122d",22.89191255,118.0491517,1.1999,362.7576737,17.7854993,0.289008168,0.311,99.9,199.9,6.67370054185457
"562","122e",22.5707859,117.729633,0.7908,418.8099663,14.835657,0.258692142,0.256,115.4,230.8,9.1726245777795
"563","122f",22.26737708,117.9275057,1.1337,362.0458528,18.0243,0.282328817,0.293,99.7,199.5,4.68480881851392
"564","122h",21.27243128,118.0530308,0.06558,17.57274223,4.4377093,0.1501,0.138,4.8,9.7,1.08305138107358
"565","122i",21.84889636,118.0653647,1.1303,529.5021594,17.3029069,0.2748,0.269,145.9,291.7,4.36191470092994
"566","1268a",107.4650971,163.072235,1.2169,597.6998462,19.9404514,0.355572868,0.316,164.7,329.3,3.6274751983919
"567","1268b",107.8459383,163.5444305,2.3765,1353.341063,19.9785984,0.403894993,0.398,372.8,745.7,15.6972619058393
"568","1278a",113.1638851,120.9779435,1.2007,718.9995568,19.1689352,0.264822311,0.267,198.1,396.2,15.1535590356877
"569","1278b",113.495755,121.1880709,0.2803,171.2045367,17.8859291,0.157683961,0.172,47.2,94.3,6.09780013471246
"570","1377a",36.55271842,111.653254,0.4051,243.4879846,16.4356419,0.187952832,0.181,67.1,134.2,12.0634406610719
"571","1377b",36.00831148,111.7094824,0.010424,25.79622255,5.2981739,0.046319109,0.049,7.1,14.2,3.48819001603073
"572","138a",55.49614879,111.3598934,1.9289,478.1929834,23.763274,0.357936611,0.366,131.7,263.5,19.3991143727584
"573","138b",55.53928879,110.9275133,2.1021,561.6584402,23.765322,0.366352794,0.377,154.7,309.5,7.8953455916829
"574","1390a",5.080998688,135.1463317,0.2951,187.3410586,15.2921539,0.189053441,0.186,51.6,103.2,9.5879209375358
"575","1390b",4.893845664,135.1342785,0.177,115.2658589,13.8149186,0.125584595,0.126,31.8,63.5,7.82044004656943
"576","139a",93.00058527,123.4924884,4.8073,1248.228326,26.717695,0.495485535,0.515,343.9,687.7,22.3822092259281
"577","139b",92.36611477,123.7532452,0.04234,53.04380138,5.0338973,0.06836,0.08,14.6,29.2,2.54253065663854
"578","1436a",13.84455802,103.4585815,1.4624,496.2292204,16.4149217,0.36874755,0.365,136.7,273.4,12.3340671801347
"579","1436b",13.41248433,103.3717944,0.373,138.5808252,15.4718032,0.20996318,0.231,38.2,76.4,3.4639691903383
"580","1438a",54.53648589,196.7927588,0.08412,103.974218,10.5039418,0.08772,0.096,28.6,57.3,6.89287998124072
"581","1438b",55.02237322,196.8147761,0.3069,224.9436424,14.4813361,0.158613311,0.143,62,123.9,9.25792697274906
"582","145a",23.54109228,175.4841042,3.2312,1525.723422,19.9647708,0.446760427,0.46,420.3,840.6,10.0244825360206
"583","145c",23.97123995,176.3766773,0.008696,9.767391209,3.374485,0.04837,NA,2.7,5.4,1.45516046263496
"584","145e",23.61782857,176.8458284,0.02155,41.46869262,5.458375,0.05526,NA,11.4,22.8,2.61958791494833
"585","1480a",138.3227396,157.18793,0.1697,162.1006738,12.1953678,0.12768138,NA,44.7,89.3,8.32157510923031
"586","1480b",139.0012049,156.687435,0.2348,188.5784461,12.6292823,0.129776472,NA,52,103.9,7.7928247682916
"587","1480c",138.9191804,157.1811871,1.5202,851.1535686,20.3932802,0.33816847,NA,234.5,469,14.9443644338819
"588","1480d",138.3040434,157.6314478,0.2618,193.7805194,14.0347588,0.163921806,NA,53.4,106.8,10.854609175647
"589","1501a",43.62507096,103.6021697,0.4264,172.2207226,18.0763005,0.19417197,0.198,47.4,94.9,13.0950207553519
"590","1501b",43.33363239,103.6893579,0.4784,192.6256881,20.4174295,0.196769754,0.201,53.1,106.1,13.065339679941
"591","1513a",116.2175901,127.7297635,1.2531,335.4770304,24.5261082,0.282835045,0.29,92.4,184.8,17.0243525477387
"592","1513b",116.1455356,127.4399986,0.1553,62.2163602,15.2183914,0.12732,0.159,17.1,34.3,7.30120289250829
"593","1532a",53.51714727,171.7609768,0.4169,310.8614014,14.8668482,0.173589437,0.181,85.6,171.3,7.60385547523045
"594","1532b",53.64657335,172.246392,0.09003,109.6611652,10.4006332,0.109650992,0.117,30.2,60.4,8.22068635768141
"595","1570a",108.8945186,131.6049933,1.9683,554.5474389,25.78289,0.327444461,0.344,152.8,305.5,11.6485481571373
"596","1570b",109.0540753,131.0491757,0.5383,223.1638229,23.47443,0.1864,0.198,61.5,123,14.6964448039004
"597","1581b",126.8586368,151.9281194,0.7108,203.6199781,23.582954,0.228599661,0.234,56.1,112.2,19.5111931849334
"598","1593a",104.6396462,167.6994086,0.3375,301.5040616,14.5615245,0.150509614,0.15,83.1,166.1,9.66451140516978
"599","1593c",103.8943256,167.7622665,0.4652,356.5155207,15.6813503,0.177867626,0.19,98.2,196.4,4.63434134446584
"600","1593d",104.1796934,167.6498598,0.238,133.0933664,12.24609101,0.15938356,0.162,36.7,73.3,9.63714869103547
"601","1657a",25.39344438,134.3776291,0.3018,292.5450593,11.91758978,0.156635924,0.161,80.6,161.2,7.28479954323405
"602","1657b",24.65551728,134.117406,0.04119,69.69510777,7.3622982,0.06505,0.072,19.2,38.4,4.24846609136043
"603","1679a",133.7030902,109.2198752,0.3904,267.6092143,14.7132776,0.141790099,0.146,73.7,147.4,9.47573583351165
"604","1745a",21.57095845,132.7215978,0.2356,321.7033176,9.6423695,0.1158,0.112,88.6,177.3,5.2602210597491
"605","1745b",21.1153381,133.6472626,0.04855,104.0463319,5.350875,0.05966,0.064,28.7,57.3,2.70189545055482
"606","174a",63.63293604,154.8044276,3.96,1658.780469,21.9614641,0.456272888,0.473,457,913.9,7.48682408933244
"607","174b",64.3018355,154.8520498,0.1966,151.237043,11.8551817,0.148006726,0.15,41.7,83.3,5.26225187841208
"608","175a",19.97012164,103.1631258,0.1324,148.9765697,10.6461454,0.110031359,0.115,41,82.1,5.11959921915559
"609","175b",19.22821566,103.8623538,0.06775,81.12374888,7.1506619,0.101297313,0.096,22.3,44.7,3.39008044182863
"610","175c",19.32310688,103.3326299,2.1765,1021.155681,19.3509136,0.390359969,0.385,281.3,562.6,12.8483229798889
"611","1789a",19.98953829,141.4217419,0.052,35.52393588,6.7495417,0.138954954,0.105,9.8,19.6,3.77835358141543
"612","1789b",20.36848743,141.2730394,0.1192,69.93401923,8.8802615,0.136499243,0.136,19.3,38.5,5.32119126184581
"613","1800a",108.7963274,105.7974544,0.6983,238.0417004,21.8488686,0.182152352,0.206,65.6,131.2,5.05355461869584
"614","1800b",109.2356607,105.5470634,0.1963,144.3637102,13.4884729,0.124718206,0.124,39.8,79.5,5.76543675522402
"615","180a",111.8543641,137.3285698,3.0597,874.1200642,25.456307,0.475224785,0.467,240.8,481.6,20.1640816080068
"616","180b",111.1767599,137.9569112,0.013325,11.83842069,3.5584159,0.05313,NA,3.3,6.5,1.07549378154628
"617","1822a",75.71161199,183.6955006,0.126,184.2776984,10.8801342,0.103494046,0.086,50.8,101.5,5.20026426999084
"618","1822b",75.97966116,184.4652463,0.1949,363.5062586,6.456043,0.08632,0.078,100.1,200.3,2.64499809252756
"619","1822c",75.70258262,183.3272828,0.2001,322.0494683,9.913604,0.1002,0.105,88.7,177.4,5.44661035986731
"620","1822d",76.07759568,183.3701982,0.03419,151.3526356,7.500686,0.056362663,0.055,41.7,83.4,2.46137893835625
"621","1822e",75.94472374,183.4193585,0.2579,350.268427,12.1398747,0.10436364,0.096,96.5,193,6.86843937393176
"622","184a",95.95665557,130.4158672,2.4986,681.0203499,26.392242,0.406345629,NA,187.6,375.2,15.1233432552684
"623","1861a",110.7645113,163.8203601,0.6583,445.323233,18.3867036,0.228841877,0.216,122.7,245.4,7.73288860555967
"624","1861b",110.4688892,163.4381044,0.09374,74.35282073,9.5108694,0.096388693,0.096,20.5,41,5.43803906742779
"625","197a",7.066200058,164.5947945,4.3264,1471.851077,22.4575631,0.520389759,0.529,405.5,811,13.6850894184791
"626","197b",6.198768534,164.7781251,0.07563,151.1345755,8.27573,0.089729905,0.096,41.6,83.3,4.48814270085521
"627","2006a",107.4786634,147.9454141,0.06112,95.42454706,10.04104557,0.079187506,0.089,26.3,52.6,5.40354477351547
"628","2006b",107.3299721,147.4886626,0.2553,301.2443893,15.2198829,0.121811959,0.128,83,166,8.88843343158334
"629","201a",96.30183345,150.6421541,1.9401,859.3983943,19.379168,0.354083416,0.375,236.8,473.5,12.3613741199539
"630","201b",96.62914942,150.2135531,1.7977,754.3662408,19.0634079,0.378665715,0.374,207.8,415.6,12.715466008245
"631","2024b",132.1901185,115.2307563,0.02868,34.62594636,7.2436454,0.06255,0.059,9.5,19.1,3.32072285037166
"632","2049a",53.28227859,174.0003491,0.4233,407.696194,15.5903102,0.171951136,0.18,112.3,224.6,7.76359210064099
"633","2053a",7.793280412,176.3384004,0.05616,43.58624452,9.552181,0.091099331,0.093,12,24,4.94980517558743
"634","2053c",7.546174769,177.071995,0.1554,142.9187675,7.959316,0.1278,0.13,39.4,78.7,4.51069277689356
"635","2053d",7.161159181,176.6291596,0.07034,101.7530741,7.990072,0.07546,0.068,28,56.1,5.39803674024686
"636","2070a",50.52333998,120.0699953,0.3865,419.7307867,10.9524706,0.189065075,0.198,115.6,231.3,5.81304532930372
"637","2070b",49.92135156,121.512859,0.04749,83.41080076,2.8913751,0.07323,0.063,23,46,1.16063010180663
"638","2083a",26.55158202,121.8071264,0.1599,132.5734282,13.32270746,0.147504482,0.125,36.5,73,10.5248408112465
"639","2083b",26.66803161,122.0299365,0.0375,20.16427151,9.2676589,0.07653807,0.079,5.6,11.1,4.04212430789809
"640","20a",6.685826655,113.5960999,3.9128,1364.238244,18.784351,0.481827599,0.489,375.8,751.7,13.5065048410255
"641","20b",7.088809764,113.1355588,0.6228,215.6711314,16.17465583,0.238708551,0.251,59.4,118.8,12.627201468888
"642","2128a",12.56084817,144.0801726,0.01205,27.51033603,4.971444,0.067118907,NA,7.6,15.2,1.44401038276333
"643","2128b",12.4162618,144.3508124,0.08914,121.8516697,9.3675541,0.07718,0.084,33.6,67.1,6.12849810044537
"644","2128c",12.89802348,144.3143297,0.1377,149.007337,10.1988177,0.112804082,0.12,41,82.1,2.52029477532977
"645","213a",115.1566402,129.7813749,1.2296,397.6692927,24.8557998,0.282097695,0.298,109.6,219.1,15.2149033859071
"646","213b",115.4595312,130.192071,3.1679,983.1103087,25.1603813,0.408420284,0.411,270.8,541.7,20.4015434447262
"647","220a",37.4026709,110.319581,0.1864,97.34138459,13.9707296,0.136676366,0.139,26.8,53.6,7.74445041614465
"648","220b",37.31754519,109.6217325,0.07314,15.64034197,9.6912367,0.142702291,0.121,4.3,8.6,2.19803390909815
"649","220c",36.98514549,109.4721826,1.1415,375.2483233,21.7155397,0.278606212,0.285,103.4,206.8,6.75182273112236
"650","220d",36.61479909,109.6932137,1.7498,720.8753102,21.6513944,0.325797267,0.332,198.6,397.2,15.7679885247589
"651","2280a",25.56578817,118.8074791,0.3429,213.413962,15.3960618,0.151476627,0.165,58.8,117.6,7.33287160505387
"652","2280b",25.59161434,119.2361947,0.2564,183.0803659,14.795266,0.143611693,0.151,50.4,100.9,11.5029024191742
"653","2309b",26.05728459,144.6813153,0.09066,105.067284,11.1006439,0.10386901,0.109,28.9,57.9,5.99006173809362
"654","2309c",26.2234467,144.9471415,0.04056,81.14572166,6.1494028,0.07287632,0.073,22.4,44.7,2.55222859840543
"655","2310a",108.2496236,101.7009151,1.6364,512.0056755,22.4523631,0.292544241,0.297,141.1,282.1,19.1433392401976
"656","2310b",107.8303313,101.9103739,0.8759,328.5311006,20.7609424,0.218175124,0.235,90.5,181,16.7338006116409
"657","2345a",64.34580467,182.424176,0.2995,332.5016775,9.395134,0.169868072,0.164,91.6,183.2,5.38260081443692
"658","2345b",64.09630572,182.5000411,0.09482,75.44941817,9.0640359,0.111531758,0.13,20.8,41.6,3.8917204867789
"659","234a",0.984274436,187.8361848,4.6238,2288.441746,23.7140453,0.532072588,0.555,630.4,1260.9,17.6774366205001
"660","250a",40.94297872,108.281806,1.4329,437.3969852,21.600521,0.288255207,0.294,120.5,241,17.9847142730824
"661","250b",40.67628602,107.9200201,1.6031,542.5688938,21.497862,0.342097796,0.452,149.5,298.9,9.27801369822083
"662","255a",85.39550095,126.8675597,0.4215,181.6174094,12.59281454,0.219626856,0.22,50,100.1,6.15383644640021
"663","255b",86.10708723,126.8290757,0.37,225.0717699,18.3989862,0.157016506,0.185,62,124,10.5134440884075
"664","255c",86.19539637,127.2228467,3.3314,901.1346539,25.781874,0.433214533,0.457,248.3,496.5,10.9393328966161
"665","255d",85.68940578,127.8829575,2.3084,707.2883897,25.994488,0.378240654,0.4,194.8,389.7,20.1210764737487
"666","255e",85.39512753,127.4798548,1.762,774.1517572,23.036271,0.302496085,0.321,213.3,426.5,16.2090652270673
"667","264a",6.657715486,119.4621982,0.3421,138.7635372,17.8011938,0.191238917,0.199,38.2,76.5,9.60540892316791
"668","264b",6.486556097,120.6349336,0.1789,148.2826863,11.5506523,0.1317,0.137,40.9,81.7,7.99557441185819
"669","264c",7.149573453,119.6477644,0.02889,32.61535407,8.016253,0.080921529,0.09,9,18,2.37131163681333
"670","264d",6.826508137,120.107874,0.10641,61.02088151,11.5979998,0.130802563,0.145,16.8,33.6,9.15683402994237
"671","264e",6.524788313,119.7365921,0.2624,142.0224405,11.9890675,0.174414497,0.188,39.1,78.3,6.41434500615094
"672","264f",6.410796049,120.0599487,1.649,740.4997063,17.89101426,0.322606397,0.329,204,408,6.00909423755318
"673","280a",14.70039818,142.0097107,2.0137,895.5584661,18.0990365,0.381856004,0.372,246.7,493.4,8.67955878469176
"674","280b",12.70767601,142.4921996,0.3461,218.8660357,11.8083307,0.197797136,0.211,60.3,120.6,5.93926519264669
"675","324a",51.73170916,118.7733973,0.1768,72.57379566,10.881504,0.163040195,0.161,20,40,7.02178182657397
"676","324b",51.89655987,118.3996353,0.9211,441.0181439,16.3974176,0.260798481,0.271,121.5,243,12.4006642162015
"677","330a",68.66037145,157.5437969,0.07575,106.0203216,8.5877699,0.093742275,0.088,29.2,58.4,4.34940520359373
"678","330b",68.16476311,157.3220643,0.02258,30.44330066,3.374977,0.07368,0.088,8.4,16.8,0.861140651871254
"679","330c",68.37909798,156.9079672,1.7731,743.1219098,22.0781896,0.344604427,0.368,204.7,409.4,7.63842033114263
"680","330d",68.77636889,156.7760453,0.7918,360.4165794,21.2058802,0.252494939,0.255,99.3,198.6,17.1942051978935
"681","33a",14.29336856,103.1947589,1.2206,342.7978862,16.4763015,0.336504695,0.339,94.4,188.9,12.869436546862
"682","33b",14.70913741,103.1493048,0.2984,48.59207897,15.1168105,0.220880919,0.248,13.4,26.8,0.881002592141247
"683","344a",38.20724357,125.6808711,2.0407,967.9911282,19.4057801,0.342691925,0.362,266.7,533.3,7.3463532279673
"684","344b",38.51467477,126.0146218,0.2101,167.0544324,12.46072216,0.14884047,0.149,46,92,7.09969810327885
"685","354a",26.55149534,103.2313356,0.3798,253.4949202,14.6645796,0.175591367,0.178,69.8,139.7,10.2871066460002
"686","354b",26.67213921,102.8626816,2.8695,988.2732094,21.2273021,0.381583279,0.39,272.3,544.5,10.3463598038667
"687","387a",126.3705448,142.6146299,2.5302,1234.224642,22.915938,0.368820216,0.376,340,680,18.0995101293099
"688","387b",125.7312803,142.2298609,2.2616,868.9360186,23.839627,0.370505341,0.38,239.4,478.8,7.29602301241098
"689","409a",109.5124677,118.2574431,1.4506,719.992385,20.8662372,0.2951,0.295,198.3,396.7,15.2369427010668
"690","409b",109.3084447,119.0370393,0.011556,17.68335446,2.9069615,0.05096,0.049,4.9,9.7,1.40420710768988
"691","416a",19.6499132,124.6664051,1.5909,506.5537209,19.7044495,0.318607715,0.331,139.5,279.1,12.3352733414274
"692","438a",74.73235952,157.9300732,0.129,143.3075003,11.7103989,0.111416681,0.113,39.5,79,6.81889490776213
"693","438b",74.37870527,158.3945006,1.1457,517.9198752,20.0448008,0.314006115,0.308,142.7,285.4,3.53890123888569
"694","488a",112.237211,162.3498177,2.2231,1194.657093,20.1730843,0.366737088,0.369,329.1,658.2,15.6613917297344
"695","488b",112.498784,162.0133304,0.2798,136.1046608,15.477623,0.163887928,0.172,37.5,75,6.68516574012477
"696","521a",44.07224103,150.8441853,1.0253,390.1557866,21.7062162,0.26073359,0.274,107.5,215,8.19122700319796
"697","521b",44.53282183,151.2069925,1.212,433.4418824,22.3012136,0.287866224,0.299,119.4,238.8,9.27429527483913
"698","521c",44.46263346,151.4925859,1.0325,464.3690005,20.6581805,0.269252018,0.28,127.9,255.9,9.40340107370826
"699","532a",36.86889899,103.9711662,1.0543,475.4976834,21.6012626,0.269026256,0.272,131,262,16.2237844326704
"700","599a",81.65188754,155.1645384,0.09067,120.7029675,8.9723085,0.10478335,0.1,33.3,66.5,5.94017303767074
"701","599b",80.88133096,154.9775625,0.3942,195.1145162,18.1881946,0.185303595,0.183,53.8,107.5,10.6946489192173
"702","599c",81.42092731,154.1239753,1.6788,583.0756688,19.6978672,0.3795,0.306,160.6,321.3,14.4106459935729
"703","5a",93.22396817,162.5296648,2.7188,1346.100632,21.3345186,0.438547537,0.435,370.8,741.7,14.892335558404
"704","5b",93.02206157,161.9529531,2.265,850.4937841,21.6486847,0.399488929,0.41,234.3,468.6,6.61885865827723
"705","640a",27.47072746,119.7068067,0.9067,266.8764594,21.5119912,0.242878076,0.246,73.5,147,14.1679745363421
"706","640b",27.57458094,120.1813301,0.121,88.46588343,12.75813955,0.112510923,0.118,24.4,48.7,9.75609960783302
"707","654a",64.08311056,153.6577351,0.738,288.6947231,19.27003,0.241102495,0.262,79.5,159.1,12.2157618425509
"708","654b",64.46953536,153.4954108,0.2388,96.51760538,20.1330032,0.156713393,0.161,26.6,53.2,13.6669313205321
"709","705a",42.2522476,139.4390065,0.9924,330.224899,19.9636621,0.260788376,0.269,91,181.9,7.22833959772027
"710","712a",33.14624242,102.430722,0.7027,196.0305714,20.7248157,0.245458001,0.25,54,108,15.2806719462337
"711","712b",32.9854801,101.9350092,1.5999,542.1269579,20.614984,0.324776201,0.335,149.3,298.7,15.8359622870148
"712","718a",19.3871338,100.9798179,1.1261,413.157569,19.2601021,0.276290799,0.297,113.8,227.6,6.0216510586732
"713","718c",20.17878209,100.7818022,2.0221,658.0378101,20.8388375,0.3775,0.415,181.3,362.6,7.94097871804253
"714","8012a",113.5374473,112.925609,0.5851,274.4911512,15.526,0.21465953,0.22,75.6,151.2,10.3208148967815
"715","8012b",114.0657812,112.7469888,0.4771,211.8727382,14.0235209,0.233578977,0.234,58.4,116.7,11.1668361783015
"716","8026a",58.31381238,120.7455846,0.01555,20.50202523,3.8835707,0.06102,NA,5.6,11.3,0.947901525268986
"717","8026b",58.85910738,120.1992299,0.01904,13.85099202,2.8934951,0.07241,NA,3.8,7.6,0.630057928607281
"718","8028a",49.37636471,149.3047157,0.1191,161.7231727,12.3306514,0.09477256,0.103,44.6,89.1,7.82947802838767
"719","8028c",49.83137587,149.7187025,0.0523,88.71541221,9.1677187,0.07513,0.077,24.4,48.9,4.409543721395
"720","8047a",99.06370901,105.0229767,0.04467,97.6364717,5.2897954,0.06673,NA,26.9,53.8,2.43656340125856
"721","8047b",99.58090201,106.3716134,0.1661,290.0664691,10.7222624,0.096512015,NA,79.9,159.8,4.17524351692231
"722","8049a",119.7873504,101.2739981,0.01947,34.29328398,7.2372276,0.057330356,0.057,9.4,18.9,3.44141539379999
"723","8049b",120.0542882,101.6084324,0.02367,39.88168022,6.6868718,0.047719274,NA,11,22,2.64612999472637
"724","8053a",118.5063326,100.8778897,0.02935,37.6576088,4.06888659,0.05802,0.07,10.4,20.7,1.46755258760045
"725","8053b",120.0074776,100.8062883,0.01583,30.26381259,4.6737294,0.044107402,0.052,8.3,16.7,1.46519964089215
"726","8057b",118.168438,105.3412267,0.2013,288.6305412,9.0901732,0.115490546,0.058,79.5,159,5.02007457928701
"727","805a",71.80896982,157.2516053,1.0987,427.9474992,20.5066603,0.281501789,0.291,117.9,235.8,5.98829447233062
"728","805b",71.8032631,157.7295353,0.8449,347.4800982,19.2324257,0.243814856,0.253,95.7,191.5,4.58755313030586
"729","8061a",132.2785439,106.3070654,0.2695,299.1129017,12.1893139,0.1138,0.084,82.4,164.8,5.18667628327357
"730","8061b",132.0551681,105.8349693,0.09947,120.9881371,8.9901342,0.077395098,0.108,33.3,66.7,4.23592705852508
"731","8071b",95.47325174,122.1750841,0.1307,276.1346194,9.8147989,0.076713627,0.082,76.1,152.1,3.70642932027509
"732","8075a",103.8360824,120.3929095,0.0931,183.6945732,6.674033,0.06714,NA,50.6,101.2,2.60880567958243
"733","8075b",103.800166,118.9922119,0.1403,237.6365455,6.0434713,0.08118,NA,65.5,130.9,1.83899246799441
"734","8079a",107.2764775,124.1587811,0.02392,54.63290869,6.2416749,0.05427,0.059,15.1,30.1,1.11636027591214
"735","8079b",107.1208753,123.9630366,0.06607,135.1471607,6.5330155,0.07115,0.073,37.2,74.5,2.76359583492196
"736","8086a",42.87503913,180.8738132,0.06981,86.77254984,11.7701104,0.077028307,0.079,23.9,47.8,5.15716284617982
"737","8086b",43.22109098,180.8277205,0.244,222.2552519,14.3373236,0.157864921,0.148,61.2,122.5,9.95029047290572
"738","8088c",43.86933752,181.6581847,0.009498,16.93880375,3.196726,0.04597,NA,4.7,9.3,1.49850123939425
"739","8099a",52.58237983,184.9123918,0.011512,17.9040986,5.091114,0.071186891,NA,4.9,9.9,2.4690912695472
"740","8099c",51.54029756,185.7548152,0.0232,44.48908496,7.398412,0.05855,NA,12.3,24.5,4.8670633639119
"741","8099d",51.35203789,184.5748805,0.02186,44.48264758,6.076962,0.05104,NA,12.3,24.5,3.20892132873702
"742","809a",13.12599185,121.1320581,0.715,228.8575252,18.2490582,0.242906127,0.255,63,126.1,11.9364645365305
"743","809b",12.9394383,121.6437289,0.7008,216.8395567,19.0034406,0.243852397,0.246,59.7,119.5,15.3042443210574
"744","8105b",55.96343584,172.8135838,0.04246,86.60027317,9.2661384,0.083376981,0.062,23.9,47.7,2.51000784077278
"745","8107b",52.53254724,173.3169694,0.1943,160.8487392,14.5304067,0.128546989,0.131,44.3,88.6,9.97195672562771
"746","8107c",52.39492227,173.6412733,0.1338,71.51991316,11.4412527,0.130384555,0.133,19.7,39.4,5.88611274822778
"747","8107d",53.41516431,173.7368979,0.07748,86.10436901,10.7275386,0.100165112,0.086,23.7,47.4,5.54132510594988
"748","8113a",104.4948358,187.7691185,0.07975,208.2802703,4.749625,0.08425,NA,57.4,114.8,2.28615453282645
"749","8113b",103.5647949,187.4596821,0.1473,273.8527929,8.7106568,0.09094,NA,75.4,150.9,4.50038190399076
"750","8115a",100.7616616,191.7610176,0.1895,289.9146214,7.8006242,0.1268,NA,79.9,159.7,3.8638210933616
"751","8115b",99.9536225,191.9206202,0.07579,87.04749465,11.2296782,0.110608564,NA,24,48,7.84445007908314
"752","8118b",62.29184378,197.4026563,0.08679,123.0634123,6.186063,0.072102343,0.077,33.9,67.8,2.6747727109489
"753","8118c",62.82252266,197.0781581,0.393,400.4431525,10.853058,0.139010228,0.129,110.3,220.6,6.59620305719486
"754","8118d",62.64941165,197.000916,0.4691,417.4611179,14.3945391,0.160705697,0.156,115,230,5.25762050385687
"755","8122b",64.59756938,198.8759756,0.1924,156.0620417,14.4907884,0.132718318,NA,43,86,3.29746823558225
"756","8138a",69.44226858,181.251975,0.138,101.1594948,8.2833708,0.1569,NA,27.9,55.7,6.56908418753227
"757","8138b",69.78199104,180.7656965,0.3327,536.1390231,11.5503231,0.112878043,NA,147.7,295.4,4.81864931487528
"758","8145a",121.9491727,119.9315151,0.01932,32.92986007,7.9329338,0.04375,NA,9.1,18.1,4.34847315678042
"759","8145b",121.5792582,120.225504,0.01408,18.97726861,5.9643763,0.043234796,NA,5.2,10.5,1.48402502726709
"760","8145c",120.905767,120.2701881,0.006054,8.674483393,4.4393253,0.038991882,NA,2.4,4.8,1.30216831034045
"761","8149a",121.8126209,122.4845202,0.01163,21.31669598,5.9568444,0.04611,NA,5.9,11.7,2.3525281020997
"762","8149b",122.371806,122.8148847,0.05594,62.07209469,11.887549,0.074952664,NA,17.1,34.2,6.82529386179657
"763","8159a",92.02283438,154.29061,0.1247,178.8218841,7.6920051,0.09726,0.098,49.3,98.5,2.60119912093717
"764","8159b",91.06205053,154.8405211,0.08433,167.3484597,5.2027166,0.06929,0.069,46.1,92.2,2.44738363144373
"765","8159c",91.39433471,153.9514612,0.1608,220.1501546,8.3330989,0.090608995,0.09,60.6,121.3,2.78595980933295
"766","8159d",91.76258991,154.8496833,0.10732,155.331795,6.5132139,0.08443,0.09,42.8,85.6,4.42626819107016
"767","8161b",128.9433786,131.8996722,0.016815,21.97218404,5.224241,0.034658385,NA,6.1,12.1,1.2423108531018
"768","8163a",103.8108045,139.2291126,0.01938,51.56932234,4.3717686,0.051602896,NA,14.2,28.4,3.18649083581959
"769","8163b",104.875221,140.002625,0.09582,181.7105304,7.0377719,0.07533,NA,50.1,100.1,2.90086896441165
"770","8163c",104.5638966,138.9792285,0.03789,86.63034389,5.5016374,0.210341696,NA,23.9,47.7,2.4301213050294
"771","8169a",104.6961608,149.5516247,0.01634,26.52046788,7.7459848,0.046145864,NA,7.3,14.6,3.81429046473744
"772","8169b",104.669793,149.8880593,0.0538,68.44323159,9.10570244,0.071058274,0.065,18.9,37.7,3.68404279998694
"773","8172a",103.1257241,157.1322016,0.1068,108.1538157,7.4736337,0.07901,NA,29.8,59.6,4.08978516340368
"774","8172c",104.6568635,157.2825367,0.0239,16.27118715,5.1500917,0.091073083,NA,4.5,9,4.92515641719502
"775","8172d",104.3770017,157.1852954,0.1694,158.1264697,11.3662882,0.1088,NA,43.6,87.1,6.02833053231741
"776","8172f",103.8551648,157.0012129,0.1277,183.3589857,10.2128105,0.08482634,NA,50.5,101,7.86382718061436
"777","817a",130.0725278,153.2395434,1.5308,760.9698518,23.294582,0.301104097,0.318,209.6,419.3,11.622899121096
"778","817b",129.4339419,153.7033777,0.01904,34.87078691,3.2282487,0.04655,NA,9.6,19.2,1.02303477702414
"779","818a",9.776549629,135.0520865,1.6692,979.4827558,15.88158656,0.393936439,0.364,269.8,539.7,10.7289555731729
"780","818b",9.268340722,135.6237047,0.3018,191.2682999,10.6870479,0.1937,0.199,52.7,105.4,4.75893901314143
"781","8222a",135.8205268,129.5826254,0.06219,75.12494427,9.29882,0.07171,0.073,20.7,41.4,6.56620876510584
"782","8222c",135.5672069,131.2134865,0.04252,84.47115848,6.01565499,0.05679,0.057,23.3,46.5,2.70694094280965
"783","8222d",136.4347413,130.8087512,0.10174,170.5278367,8.7262402,0.0766,0.074,47,94,4.61847032884231
"784","8311a",30.96183357,108.2444305,0.04724,87.85323603,8.1054564,0.073159475,NA,24.2,48.4,3.11786565074684
"785","8311b",31.20762156,108.3029847,0.10037,151.1626062,9.0593756,0.103551661,NA,41.6,83.3,6.25573912333366
"786","8333a",24.93900347,112.759647,0.1991,351.9550166,8.6801746,0.113196627,0.115,97,193.9,5.44910133736472
"787","8333b",25.46910368,111.735149,0.04023,66.97230102,2.7007103,0.05143,0.055,18.5,36.9,1.34840505889214
"788","8406a",14.4293529,185.0764434,0.2517,183.113437,12.579003,0.163492576,NA,50.4,100.9,6.18320833554308
"789","8406b",14.28013153,184.9392371,0.1822,189.3603159,12.5448773,0.120707611,NA,52.2,104.3,9.99809706633368
"790","8406c",13.92984269,186.2847052,0.10882,124.5792625,10.5219081,0.11502,NA,34.3,68.6,4.75372499516722
"791","857a",34.06994108,132.0387137,0.8287,307.2601319,18.6322773,0.245812607,0.261,84.6,169.3,11.5672768922314
"792","857b",34.73928735,131.7430963,1.2283,555.5114311,18.9804335,0.291308117,0.291,153,306.1,6.26467058892013
"793","857c",34.42500517,132.8190197,0.2046,142.4981833,13.7506919,0.1364,0.136,39.3,78.5,8.21997211460715
"794","857d",35.24424057,132.4010635,0.10022,92.69623389,10.819154,0.09636,0.108,25.5,51.1,6.65337780383317
"795","893a",64.21780226,130.4935087,0.7477,270.1977592,18.3694764,0.246661068,0.246,74.4,148.9,11.9338426195518
"796","893b",64.40254792,130.9015288,0.7374,326.0973054,18.6349237,0.222213478,0.228,89.8,179.7,9.7475236241469
"797","899a",12.56108054,102.4036605,0.316,74.82713763,14.7437577,0.202926803,0.199,20.6,41.2,9.38491752544197
"798","899b",12.50098924,101.9191886,0.3025,144.2534971,15.8803178,0.168097932,0.16,39.7,79.5,9.89861342148209
"799","899c",13.04281472,101.9734386,0.1726,92.34857607,10.9421871,0.143870053,0.146,25.4,50.9,6.7196741186927
"800","8a",124.3097186,109.7784728,24.4132,4593.989941,28.81708622,1.154,0.978,1265.6,2531.2,22.469704728558
"801","8b",124.5441047,108.8050953,8.6807,2055.512168,27.34024524,0.7988,0.682,566.3,1132.5,20.6671523111473
"802","9092a",72.40142644,155.1759297,0.1994,132.1067739,14.49481479,0.14820391,0.148,36.4,72.8,9.32662072390893
"803","9094a",34.48255831,143.428319,0.1212,151.4092178,11.6487334,0.102485701,0.088,41.7,83.4,5.92210946139134
"804","9094b",33.96506849,143.2575441,0.05277,72.53230657,9.282104,0.092139749,0.1,20,40,4.90768480540608
"805","9102a",46.57267089,198.6337357,0.144,141.5085488,11.7759268,0.131852548,0.135,39,78,8.22711593284378
"806","9107a",46.62230361,183.5695635,0.07152,54.85198772,14.0299287,0.094949241,0.1,15.1,30.2,6.84478022583447
"807","9107b",46.4092877,184.2449717,0.02976,48.81620392,8.9941171,0.059117129,0.058,13.4,26.9,4.00311744011732
"808","9110a",34.3273163,183.6288904,0.08092,131.6909354,11.3482865,0.089498783,0.084,36.3,72.6,2.87054727101521
"809","9110b",34.99135894,183.8311161,0.1491,235.6516088,9.6429715,0.106694317,0.108,64.9,129.8,7.07544061458009
"810","914d",138.9310583,158.0840981,1.9395,997.4820365,20.3040001,0.349061838,NA,274.8,549.6,11.709874720131
"811","927a",97.75481549,125.84905,0.9653,312.142435,25.847302,0.236284848,0.254,86,172,19.4432231940994
"812","927c",97.92500904,126.365453,0.2395,146.5623275,17.2503058,0.1258,0.137,40.4,80.8,11.7474356293482
"813","927e",97.25073346,125.3697104,2.0333,574.1936847,26.798556,0.321551178,0.344,158.2,316.4,20.9490539345837
"814","945a",47.42456288,155.4921888,1.1487,488.8516784,19.9995221,0.274827206,0.28,134.7,269.3,5.44285376215708
"815","945b",47.20964058,155.0625077,0.5847,215.1573769,19.9695405,0.216385983,0.214,59.3,118.5,15.6578647237961
